rh@amcn.com.br
empregoslabor@gmail.com
recepcao@signarh.com.br
recepcao@enfok.com.br
contato@rhealty.com.br
curriculos.anjosrh@uol.com.br
cadastro@mazzini.com.br
atendimento@workcell.com.br
recrutamento@grupoprorh.com
sirusrh@sirusrh.com.br
recrutamento@realizarh.com.br
recepcaobarueri@galessercicos.com.br
selecao@agenciasuporte.com.br
rh@attrh.com.br
vagas@rhinteramericano.com.br
selecao01@semprerh.com.br
atendimento.tome@grupofuncional.com.br
selecao@sinergiarh.com.br
candidato@hr4.com.br
curriculo@rhemacao.com.br
selecao@phenomena.com.br
rh@randstap.com.br
empregos@libercon.com.br
rh@libercon.com.br
talentos.sp@laborrh.com.br
jobfindersrh@jobfindersrh.com.br
curriculosp@grupoacerth.com.br
selecaosp@maiorrh.com.br
selecao@foxtime.com.br
recrutamento@verorh.com.br
cv@ativarecursoshumanos.com.br
selecao.lapa@alphaworks.com.br
selecao@temarh.com.br
selecao@grupoconsultrh.com.br
recrutamento@extraconsult.com.br
rh@bechtrans.com.br
rh@amcn.com.br
rh@desempenhorh.com.br
selecao@agenciaquality.com.br
selecaolapa@grupopratika.com.br
selecao@crismirh.com.br
selecao@sensorrh.com.br
recepcao@acaorh.com
selecao.lapa@alphaworks.com.br
selecao@grupoeficazy.com.br
selecao@semote.com.br
curriculo@tallentyrh.com.br
jobwork@jobwork.com.br
rh@idealempregos.net
selecao@jobservice.com.br
curriculos@quadrantecorporativo.com
analyse@analyserecrutamento.com.br
selecao@gruponemtime.com.br
prado@techrh.com.br
salete.belotti@periodical.com.br
selecao@eventual.com.br
protemp.sp@protemp.com.br
recrutamento@astconsult.com.br
contato@maslowrh.com.br
recepcao.lapa@unidda.com.br
selecao@rrcamara.com.br
contato@topmasterrh.com.br
selecao1@topmasterrh.com.br
recepcao@bigrh.com.br
selecaorodrigues@aliancarh.com.br
cadastro@realparceria.com.br
recrutamento@realizaempregos.com.br
dpessoal@realizaempregos.com.br
selecao.lapa@astconsult.com.br
recepcao@signarh.com.br
selecao@agenciapadrao.com.br
equiperecruta@uol.com.br
aux.selecao@jvarh.com.br
selecao@futuregestaorh.com.br
recepcao@referencerh.com.br
selecao@agilitygroup.com.br
rhsp.recrut.selecoes@impd.org.br 
cordenacao@alpharecursoshumano.com.br
rhsp.atendimento3@impd.org.br 
curriculum@dantepazzanese.org.br
curriculo@atrativarh.com.br
selecao.salvador@randstad.com.br
salvador@gigroup.com.br
empregos@oportunidaderh.com
rhfase@rhfase.com.br
curriculo@soulrh.com.br
curriculo@laborare.com.br
curriculo@connectrhba.com.br
salvador@rhecia.com.br
curriculo@versatileconsultoria.com.br
curriculoacesso@gmail.com
excelenteprofissional@dconsultoria.com.br
nurec@anima-ba.com.br
daisiday@hotmail.com
recrutamento@efetivarh.com.br
consultora@p2prh.com.br
selecao@contatocrh.com.br
falecom@elementaisconsultoria.com.br
valorh@valorrh.com.br
contato@agenciacirculo.com.bryou@company.com
ola@bxblue.com.br
imprensa@bxblue.com.br
afiliados@bxblue.com.br
hi@startae.com
newbiz@startae.com
support@oleose.com
contato@anexosolucoes.com.br
contato@cilia.com.br
contato@codeminer42.com
contato@siedos.com.br
suporte@siedos.com.br
contato@vozdigital.com.br
contato@netconv.com
comercial@jera.com.br
contato@safetysystemtechnology.com.br
ronald@capyba.com
info@incognia.com
atendimento@tootz.com.br
contato@akapu.com.br
user@mail.com
contato@prodigasistemas.com.br
falecom@dito.com.br
imprensa@solides.com.br
contato@algorich.com.br
imprensa@beepsaude.com.br
contato@pina-una.com
dpo@beepsaude.com.br
contato@beepsaude.com.br
vendas@maino.com.br
suporte@nexaas.com
lgpd@nexaas.com
comercial@nexaas.com
exemplo@mail.com
contato@rupee.com.br
contato@xlsol.com
contato@bluefish.com.br
meajuda@creditas.com.br
contato@drsintomas.com.br
email@email.com.br
contato@getninjas.com.br
sales@knowbe4.com
support@knowbe4.com
gabriel.ferreira@hey.com
email@dominio.com.br
suporte@munddi.com
contato@munddi.com
contato@om30.com.br
ajuda@pitzi.com.br
contato@rebase.com.br
contato@vindi.com.br
zig@zagapp.com.br
contato@leadster.com.br
checkplant@checkplant.com.br
press@wedy.com
bonitour@bonitour.com.br
marketing@bonitour.com.br
contato@getrak.com
contato@agendor.com.br
comercial@kobana.com.br
ajuda@mercadodiferente.com.br
info@rentalocalfriend.com
contact@trustedhealth.com
legal@trustedhealth.com
jcottobboni@gmail.com
andreoliveirar2d2@gmail.com
youremail@gmail.com
jobs@svix.com
alex@groovehq.com
ps-leads@heapanalytics.com
hello@inpsyde.com
support@invisionapp.com.
hello@litmus.com
jobs@livechat.com
info@mailerlite.com
careers@mariadb.com
kris@mvp-space.com
mac@mvp-space.com
enquiries@nearform.com
hello@netguru.com
hi@netguru.com
hello@netlandish.com
contact@invicti.com
careers@nozbe.com
firstname.lastname@company.com
a.name@company.com
kate@prezly.com
support@prezly.com
support@rebelmouse.com
talent@recurly.com
hello@relevantbits.com
jobs@serpapi.com
contact@serpapi.com
jobs@shakacode.com
sales@soshace.com
hr@soshace.com
support@soshace.com
7cd38b0eb2b348b39a6002cc768f91c7@errors.stripe.com
jobs@surevine.com
info@surevine.com
support@taskade.com
john@taskade.com
info@tesera.com
join@toptal.com
hello@transloadit.com
amaze@vidalingua.com
info@vidalingua.com
support@vidalingua.com
email@mail.com
contact@x-team.com
accessibility@ziprecruiter.com
hello@vuejobs.com
help@remote.com
tapiocadao@gmail.com
you@youremail.com
hello@weworkremotely.com
team@makenotion.com
agustin.fornio@outlook.com
3cjobs@codeweavers.com
nkirsch@forbes.com
tips@forbes.com
hello@goldiechan.com
careers@findymail.com
recruitment@blackbirdinteractive.com
bewerbung@crosscan.com
bewerbung@crosscan.com.
alex@marsbased.com
Kate@GlobalWorkplaceAnalytics.com
Kate@GlobalWorkplaceAnalytics.com.
kate@globalworkplaceanalytics.com
support@insider.com
group-subscriptions@insider.com
alison.griswold@slate.com
mmcdonough@businessinsider.com
you@email.com
info@mokrinhouse.com
info@sun-desk.com
john@doe.com
recruitment@arkency.com
info@authenticff.com
jason@37signals.com
contact@bebanjo.com
info@bluespark.com
start@eloquentix.com
team@dnxfestival.com
media@dnxfestival.com
email@address.com
hello@works-hub.com
john@smith.com
hello@anceu.com
angelgarcia.mail@gmail.com
press@karat.com
support@karat.com
hello@karat.com
matt.bowers@zapier.com
info@dareplanet.com
info@adevait.com
support@whereby.com
careers@tryjupiter.com
jobs@prokeep.com
teste@domain.com
teste2@domain.com
hello@hivearena.com
support@paymoapp.com
AdSales@brave.com
adsales@trybrave.com
bizdev@brave.com
press@brave.com
support@aliceplatform.com
careers@alice-app.com
info@tulsaremote.com
support@fiverr.com
ouvidoria@wise.com
u003eouvidoria@wise.com
office@montecha.com
hi@powertofly.com
sales@powertofly.com
placements@powertofly.com
answers@powertofly.com
brian@baremetrics.com
allison@baremetrics.com
lea@baremetrics.com
layna@baremetrics.com
marketing@baremetrics.com
lexi@baremetrics.com
jesse@baremetrics.com
andrew@baremetrics.com
roland@baremetrics.com
jake@baremetrics.com
jhume@baremetrics.com
tristan@baremetrics.com
yusuke@baremetrics.com
patrick@baremetrics.com
sangwook@baremetrics.com
tomo@baremetrics.com
hello@baremetrics.com
feedback@infoq.com
sales@infoq.com
editors@infoq.com
marketing@infoq.com
info@remotepython.com
hello@axelerant.com
jobs@axelerant.com
careers@doist.com
example@doist.com
contact@collabora.com
support@nofluffjobs.com
info@nofluffjobs.com.
support@nofluffjobs.com.
privacy@nofluffjobs.com
info@gigster.com
team@irccloud.com
u003eaccount@domain.com
jennyforrest@gmail.com
x@mail.asana.com
name@email.com
privacypolicyupdates@automattic.com
recrops@ca.ibm.com
accommodations@etsy.com
hello@42technologies.com
team@abstractapi.com
info@acivilate.com
your.name@email.com
your.email@domain.com
angelprincess1998@aol.com
info@aerostratsoftware.com
christophersmith@gmail.com
contact@alan.com
privacy@alan.com
aws-EU-privacy@amazon.com
privacy@alan.com.
contact@appinio.com
info@artefactual.com
info@auth0.com
support@beenverified.com
contact@bestpractical.com
business@bestpractical.comhttps
contato@beyondcompany.com.br
contact@bitovi.com
hello@bizinkonline.com
info@buysellads.com
RecruitingAccommodation@capitalone.com
Mail@CardsAgainstHumanity.com
Retail@CardsAgainstHumanity.com
mail@cardsagainsthumanity.com
hello@carecru.com
research@chainlinklabs.com
sales@chargify.com
support@checklyhq.com
contact@civicactions.com
contactus@clootrack.com
support@compose.com
support@connexa.com
info@core-apps.com
support@crossover.com
support@crowdtangle.com
cvs_support@modernhire.com
ColleagueRelations@CVSHealth.com
cvshealthsupport@infinite.com
info@datastax.com
hello@delighted.com
info@devspotlight.com
hello@drupaljedi.com
admin@earthofdrones.com
hi@envoy.com
support@estately.com
surrender@evilmartians.com
mail@evrone.com
support@faithlife.com
hello@fatmap.com
hello@filamentgroup.com
support@fingerprint.com
info@fire-engine-red.com
shelly@fire-engine-red.com
mike@fire-engine-red.com
katrina@fire-engine-red.com
randy.deike@fire-engine-red.com
jim@fire-engine-red.com
akber@fire-engine-red.com
russell.schroeder@fire-engine-red.com
glenna@fire-engine-red.com
nichole@fire-engine-red.com
molly@fire-engine-red.com
json.frost@fire-engine-red.com
jason.frost@fire-engine-red.com
emma@fire-engine-red.com
david@fire-engine-red.com
zach@fire-engine-red.com
jamie@fire-engine-red.com
agiliberto@flexera.com
revenerapr@clementpeterson.com
store@myshopify.com
hello@fullfabric.com
info@functionize.com
email@exemplo.com.br
sales@gluware.com
info@gluware.com
support@gluware.com
info@gotpro.com
update@grafana.com
contact@hackreactor.com
your@email.com
jedrzej.chalubek@gmail.com
suporte@iclinic.com.br
support@idonethis.com
info@impira.com
team@intercom.com
u003eexample@yourdomain.com
info@jitera.com
hello@kiprosh.com
sales@klaviyo.com
sid@heykona.com
jobs@konkurenta.com
info@lambertlabs.com
example@domain.com
team@leadfeeder.com
support@leadiq.com
info@lightspeedhq.com
hello@loadsys.com
careers@lytx.com
hello@mayvue.com
info@nexttrucking.com
info@ocient.com
caninecare@myollie.com
press@myollie.com
help@gopaktor.com
pi@paytm.com
hello@predictmobile.com
contact@prominentedge.com
info@perforce.com
hello@quantifyhq.com
info@reinteractive.com
sayhi@renofi.com
sales@scopicsoftware.com
contact@scrapingbee.com
u003econtact@scrapingbee.com
marketing@zyte.com
info@seeq.com
hi@stackpath.com
your-name@work-email.com
hello@sixtostart.com
hello@skillcrush.com
teach@skillshare.com
contact@skyrocketventures.com
hello@smmile.com
press@smugmug.com
hello@softwaremill.com
recruit@spoqa.com
bd@spoqa.com
comm@spoqa.com
example@email.com
comercial@superplayer.company
info@swimlane.com
lynette@tag1consulting.com
mikeryan@tag1consulting.com
shirley@tag1consulting.com
tim@tag1consulting.com
phoenix@tag1consulting.com
support@teamflowhq.com
hello@testdouble.com
info@scalefactory.com
info@thirdiron.com
tt@tt-us.com
help@teamtreehouse.com
hello@weareuncapped.com
info@vastlimits.com
sales@veryfi.com
info@wemakemvp.com
hello@whitecapseo.com
stories@wikihow.com
hello@wildbit.com
sales@wolfram.com
info@wolve.com
secops.netsec@xpi.com.br
i@urlaunched.com
rootcommander@gmail.com
fraud@netlify.com
seguranca@bxblue.com.br
dpo@cilia.com.br
suporte@cilia.com.br
info@mystunningwebsite.com
cooperativa@personalitty.com.br
semprevidamedicina@gmail.com
keonthemes@gmail.com
fale@sosroupalimpa.com.br
fale@sivector.com.br
mkt@megasoftgyn.com.br
comercial@megasoftgyn.com.br
andre@megasoftgyn.com.br
contato@confitec.com.br
aplicativo@wedocare.com.br
suporte@mulheresbemresolvidas.com.br
suporte@agendaedu.com
feedback@agendaedu.com
feedback@agendaedu.com.
atendimento@edupay.com.br
emailprivacy@generitech.com
encarregado.dedados@elevaeducacao.com.br
chrisnlott@gmail.com
yourfriends@medium.com
partnerprogram@medium.com
contact@capyba.com
securityreport@incognia.com
securityreport@incognia.com.
incognia@loures.com.br
luiza.botelho@incognia.com
cybersecurity@incognia.com
dpo@incognia.com
contato@agrosmart.com.br
contato@idopterlabs.com.br
contato@acaivalley.com.br
antonio@acaivalley.com.br
suporte@connectanet.com.br
comercial@connectanet.com.br
financeiro@connectanet.com.br
cs-comercial@cs-consoft.com.br
contato@equilibriumweb.com
gol@golsoftware.com.br
contato@inteceleri.com.br
operacional@mosecompetence.com
contato@w3as.com.br
alanmdo2008@gmail.com
arielvs123@gmail.com
frankbenicio.dev@gmail.com
halife.alencar@gmail.com
kerolayne60@gmail.com
moisessantos130@gmail.com
andrecmrb@gmail.com
suporte.cge.ro@gmail.com
ricardoleiterondonia@gmail.com
privacidade@smartfit.com
coach@smartfit.com
simprensa@smartfit.com.br
spromocionais@smartfit.com.br
contato@midiapass.com.br
suporte.app@smartfit.com
julia.responde@smartfit.com.br
ri@smartfit.com.br
nome@email.com
contato@zaitt.com.br
suporte@solides.com.br
rhportal@solides.com.br
paris@headmind.com
brussels@headmind.com
new-york@headmind.com
brasil@headmind.com
communication@headmind.com
helpdesk@headmind.com
meajuda@chefsclub.com.br
emn178@gmail.com
gitlab@gitlab.globoi.com
g1@newsletterg1.globo.com
marlon.figueiredo@infoglobo.com.br
marinho@globo.com
contato@mundogloob.com.br
contato@globov.com.br
contato@emcasa.com
imprensa@emcasa.com
contato@franq.com.br
seu@email.com
assessores@hashdex.com.br
oi@ovocom.com.br
ombudsman@nomadglobal.com
ouvidoria@ourinvest.com.br
support@nomadglobal.com
atendimento@sooper.com.br
support@sooper.com.br
fala@zippi.com.br
info@themepunch.com
mark@bamboorocketapps.com
ventures@afya.com.br
centraldoaluno@medcel.com.br
solucoescorporativas@afya.com.br
sinistro@akadseguros.com.br
ouvidoria@akadseguros.com.br
sinistros@akadseguros.com.br
sinistros@argoseguros.com.br
atendimento@argoseguros.com.br
atendimento@akadseguros.com.br
privacidade@akadseguros.com.br
alguem@exemplo.com
vous@exemple.com
yourname@businessname.com
DPO@Adobe.com
privacyofficer@marketo.com
privacy@magento.com
privacy@workfront.com
privacy@allegorithmic.com
privacy@oktopost.com
it@oktopost.com
info@oktopost.com.
privacy@mrpfd.com
privacy@triblio.com
gdpr@idgcommunications.com
gdprrepresentative@idgcommunications.com
sales@triblio.com
bancopan@fsb.com.br
contato@blendit.com.br
contato@blueshift.com.br
brq@brq.com
marketing@brq.com
recrutamento@brq.com
regiane.rodrigues@fsb.com.br
ri@brq.com
tonyr@brq.com
hub@brq.com
afmendes@brq.com
comprasrj@brq.com
afmendes@rbrq.com
hmariano@brq.com
ezgif.com-webp-to-png-19@2x.png
rh@bulkconsulting.com.br
contato@bulkconsulting.com.br
recruitment.me@capgemini.com
info.me@capgemini.com
bd.me@capgemini.com
dcx.global@capgemini.com
bergen.no@capgemini.com
capgemini@ketchum.com
falecomrh.br@capgemini.com
dpobrasil.br@capgemini.com
dpocapgemini.global@capgemini.com
gerentevirtual@cielo.com.br
querosercliente@contabilizei.com.br
ouvidoria@contabilizei.com.br
migracao@contabilizei.com.br
madrid@corusconsulting.com
bcn@corusconsulting.com
boston@corusconsulting.com
bogota@corusconsulting.com
cdmx@corusconsulting.com
lima@corusconsulting.com
manila@corusconsulting.com
schile@corusconsulting.com
marketing@dataside.com.br
contato@datalakers.com.br
dpo.imdg@imaps.com.br
dpo@xxxxxxx.com.br
contato@dbccompany.com.br
deep@deepesg.com
esg@epharma.com.br
suportebeneficiario@epharma.com.br
app@epharma.com.br
noreply@epharmastore.com.br
atendimento@epharmastore.com.br
sac@epharmastore.com.br
importados@epharma.com.br
suporte@epharma.com.br
sarc@epharma.com.br
atendimento@epharma.com.br
dpo@epharma.com.br
with@twist.com.br
sac@formaturismo.com.br
conhecer@formaconhecer.com.br
hello@eksobionics.com
privacidade@grupofleury.com.br
socialmedia@gympass.com
app.feedback@gympass.com
suporte@hotmart.com
K2MQuickSharePoint@k2m.com.br
contato@kumulus.com.br
falecomaleega@leega.com.br
comercial@linx.com.br
contato@stone.com.br
relacionamento.bh@linx.com.br
relacionamento.recife@linx.com.br
relacionamento@linx.com.br
relacionamento.rj@linx.com.br
connectautomacao@terra.com.br
maylon.santos@franqueadolinx.com.br
diogo.mendonca@franqueadolinx.com.br
maysa.gpanzuto@franqueadolinx.com.br
wagner.goncalves@franqueadolinx.com.br
victor.leite@franqueadolinx.com.br
lorena.reis@franqueadolinx.com.br
viviane.lopes@franqueadolinx.com.br
fernando.sandrini@franqueadolinx.com.br
chrispim.goncalves@franqueadolinx.com.br
osmar.oliveira@franqueadolinx.com.br
rodrigo.rossi@franqueadolinx.com.br
raul.sneto@franqueadolinx.com.br
rogerio.rebellato@franqueadolinx.com.br
fernando.marques@franqueadolinx.com.br
leonardo.sousa@franqueadolinx.com.br
alesandro.dasilva@franqueadolinx.com.br
anderson.santana@franqueadolinx.com.br
alexandre.sampaio@franqueadolinx.com.br
abilio.silva@franqueadolinx.com.br
adeilton.barbosa@franqueadolinx.com.br
juliana.godoi@franqueadolinx.com.br
juarez.petersen@franqueadolinx.com.br
francisco.ccosta@franqueadolinx.com.br
luis.fernandes@franqueadolinx.com.br
rubens.fornaziero@franqueadolinx.com.br
anderson.culpo@franqueadolinx.com.br
daniel.albuquerque@franqueadolinx.com.br
guilherme.porto@franqueadolinx.com.br
alexandre.pegorin@franqueadolinx.com.br
fernando.pedro@franqueadolinx.com.br
nairo.correa@franqueadolinx.com.br
andrea.barbosa@franqueadolinx.com.br
alexandre.melo@franqueadolinx.com.br
diego.mota@franqueadolinx.com.br
ediana.martins@franqueadolinx.com.br
vitor.andrade@franqueadolinx.com.br
felipe.aires@franqueadolinx.com.br
renato.takauti@parceirolinx.com.br
fabio.fcoelho@franqueadolinx.com.br
silvio.longhitano@franqueadolinx.com.br
caio.carvalho@parceiroslinx.com.br
rahman.brussolo@franqueadolinx.com.br
alexandre.cintra@franqueadolinx.com.br
valquiria.crispim@franqueadolinx.com.br
filipe.cavalcanti@franqueadolinx.com.br
wagner.mantovan@parceiroslinx.com.br
maciel.ferreira@franqueadolinx.com.br
alexandre.castro@franqueadolinx.com.br
joao.freire@franqueadolinx.com.br
adorno.junior@franqueadolinx.com.br
caio.leme@franqueadolinx.com.br
sandro.lima@franqueadolinx.com.br
francisco.silva@franqueadolinx.com.br
ricardo.aparecido@franqueadolinx.com.br
edivar.lima@franqueadolinx.com.br
thiago.sferreira@franqueadolinx.com.br
flavio.csilva@franqueadolinx.com.br
marcos.sa@franqueadolinx.com.br
evandeg.santos@franqueadolinx.com.br
isabelle.sendretti@franqueadolinx.com.br
elenir.ferreira@franqueadolinx.com.br
rogerio.rramos@franqueadolinx.com.br
ricardo.maluf@franqueadolinx.com.br
adriano.giroto@franqueadolinx.com.br
raylan.ferreira@franqueadolinx.com.br
guilherme.padilha@franqueadolinx.com.br
arielli.alves@franqueadolinx.com.br
alexandre.sales@franqueadolinx.com.br
francisco.romero@franqueadolinx.com.br
edson.sena@franqueadolinx.com.br
gabriel.lmelo@franqueadolinx.com.br
marcelo.franco@franqueadolinx.com.br
robson.dsantos@franqueadolinx.com.br
alexandre.teixeira@franqueadolinx.com.br
andrea.magalhaes@franqueadolinx.com.br
cristiano.coutinho@franqueadolinx.com.br
carlos.tourinho@franqueadolinx.com.br
paula.portela@franqueadolinx.com.br
marcio.sevangelista@franqueadolinx.com.br
renata.albuquerque@franqueadolinx.com.br
regina.fernandes@franqueadolinx.com.br
luciano.cajazeira@franqueadolinx.com.br
andre.santos@franqueadolinx.com.br
frederico.maia@franqueadolinx.com.br
carlos.miranda@franqueadolinx.com.br
neuto.neto@franqueadolinx.com.br
eber.lourenco@franqueadolinx.com.br
diego.sgarcia@franqueadolinx.com.br
giovani.gcapucho@franqueadolinx.com.br
hindila.queiroz@franqueadolinx.com.br
joao.neto@franqueadolinx.com.br
flavio.gomes@franqueadolinx.com.br
bruno.queiroz@franqueadolinx.com.br
paulo.junior@franqueadolinx.com.br
jean.silva@franqueadolinx.com.br
arydson.melo@franqueadolinx.com.br
pedro.granja@franqueadolinx.com.br
syvan.loureiro@franqueadolinx.com.br
matheus.alves@franqueadolinx.com.br
carlos.lucena@franqueadolinx.com.br
eduardo.smarques@franqueadolinx.com.br
ivan.guiraldelli@franqueadolinx.com.br
rafael.burim@franqueadolinx.com.br
heraldo.rodrigues@franqueadolinx.com.br
fabio.vencato@franqueadolinx.com.br
marcelo.clemente@franqueadolinx.com.br
victor.arce@franqueadolinx.com.br
jaime.gavioli@franqueadolinx.com.br
andre.barcellos@franqueadolinx.com.br
mauricio.lopes@franqueadolinx.com.br
ricardo.gaspar@franqueadolinx.com.br
andre.breve@franqueadolinx.com.br
fabiano.abe@franqueadolinx.com.br
jose.fsousa@franqueadolinx.com.br
edilza.lima@franqueadolinx.com.br
victor.dasilva@franqueadolinx.com.br
fabricio.silva@franqueadolinx.com.br
cleno.silva@franqueadolinx.com.br
manoel.cnascimento@franqueadolinx.com.br
alfredo.fonseca@franqueadolinx.com.br
raphael.mariz@franqueadolinx.com.br
ricardo.aferreira@franqueadolinx.com.br
franklin.pereira@franqueadolinx.com.br
fabio.cmartins@franqueadolinx.com.br
leandro.segatti@franqueadolinx.com.br
thiago.chaves@franqueadolinx.com.br
artur.lzachello@franqueadolinx.com.br
luis.prado@franqueadolinx.com.br
luiz.cordeiro@franqueadolinx.com.br
matheus.nascimento@franqueadolinx.com.br
isaias@postoamigo.com
charles.segundo@franqueadolinx.com.br
andre.castilhos@franqueadolinx.com.br
jose.santana@franqueadolinx.com.br
valflavio.silva@franqueadolinx.com.br
thiago.aragao@franqueadolinx.com.br
valdir.sampaio@franqueadolinx.com.br
fabricio.nunes@franqueadolinx.com.br
roberto.capra@franqueadolinx.com.br
fabio.grano@franqueadolinx.com.br
cono.filippo@franqueadolinx.com.br
eli.godoi@franqueadolinx.com.br
jose.israel@franqueadolinx.com.br
brennon.silva@franqueadolinx.com.br
sergio.oliveira@franqueadolinx.com.br
marcus.rodrigues@franqueadolinx.com.br
ricardo.sa@franqueadolinx.com.br
claudivan.souza@franqueadolinx.com.br
jessica.lins@franqueadolinx.com.br
alisson.santos@franqueadolinx.com.br
paulo.rodrigues@franqueadolinx.com.br
rubens.bertoncini@franqueadolinx.com.br
romulo.pinheiro@franqueadolinx.com.br
francisco.bastos@franqueadolinx.com.br
cesar.marro@franqueadolinx.com.br
eduardo.radaelli@franqueadolinx.com.br
marcio.meirer@franqueadolinx.com.br
diovani.santos@franqueadolinx.com.br
joao.doliveira@franqueadolinx.com.br
vinicius.paiva@franqueadolinx.com.br
guilherme.oliveira@franqueadolinx.com.br
joao.serafim@franqueadolinx.com.br
marcio.randig@franqueadolinx.com.br
sadi.junior@franqueadolinx.com.br
omar.junior@franqueadolinx.com.br
samuel.miranda@franqueadolinx.com.br
cassio.perreira@franqueadolinx.com.br
daniel.silva@franqueadolinx.com.br
daniel.lima@franqueadolinx.com.br
pericles.franco@franqueadolinx.com.br
edson.dasilva@franqueadolinx.com.br
andre.sferreira@franqueadolinx.com.br
william.castaldelli@franqueadolinx.com.br
leonardo.lelis@franqueadolinx.com.br
irla.gomes@franqueadolinx.com.br
ruggero.rebellato@franqueadolinx.com.br
rogerio.cristo@franqueadolinx.com.br
dalmo.pereira@franqueadolinx.com.br
daniel.lucio@franqueadolinx.com.br
igor.ramos@franqueadolinx.com.br
alexandre.carmo@franqueadolinx.com.br
nelson.junior@franqueadolinx.com.br
bianca.mazio@franqueadolinx.com.br
alex.santos@franqueadolinx.com.br
jose.jurandir@franqueadolinx.com.br
edson.sahium@franqueadolinx.com.br
virna.sampaio@franqueadolinx.com.br
joao.rodrigues@franqueadolinx.com.br
nildson.resende@franqueadolinx.com.br
ricardo.vaz@franqueadolinx.com.br
jose.porto@franqueadolinx.com.br
jader.silva@franqueadolinx.com.br
guilherme.kempa@franqueadolinx.com.br
luciano.ferreira@franqueadolinx.com.br
jose.neto@franqueadolinx.com.br
diogo.duran@franqueadolinx.com.br
emerson.minari@franqueadolinx.com.br
gabriela.fonseca@franqueadolinx.com.br
anistayna.souza@franqueadolinx.com.br
Pney@franqueadolinx.com.br
eduardo.bezerra@franqueadolinx.com.br
ricardo.correa@franqueadolinx.com.br
marcos.moraes@franqueadolinx.com.br
adriano.monteiro@franqueadolinx.com.br
julio.carnicelli@franqueadolinx.com.br
fabio.trajano@franqueadolinx.com.br
cesar.pimentel@franqueadolinx.com.br
paulo.nalmeida@franqueadolinx.com.br
roberval.oliveira@franqueadolinx.com.br
enio.medeiros@querostone.com.br
george.oliveira@franqueadolinx.com.br
willyan.fernandes@franqueadolinx.com.br
orlando.albertini@franqueadolinx.com.br
eduardo.lmaceira@franqueadolinx.com.br
leonardo.lneves@franqueadolinx.com.br
azelia.barreto@franqueadolinx.com.br
alcemiro.porto@franqueadolinx.com.br
francisco.martins@franqueadolinx.com.br
mauro.ferraresi@franqueadolinx.com.br
rudimir.araldi@franqueadolinx.com.br
elaine.balbinot@franqueadolinx.com.br
andre.snascimento@franqueadolinx.com.br
everton.gomes@franqueadolinx.com.br
esmael.santos@franqueadolinx.com.br
rodrigo.poliveira@franqueadolinx.com.br
luis.campos@franqueadolinx.com.br
jailson.souza@franqueadolinx.com.br
leonardo.serra@franqueadolinx.com.br
arthur.albertini@franqueadolinx.com.br
alexandre.mestriner@franqueadolinx.com.br
fabiane.martins@franqueadolinx.com.br
marcel.lopes@franqueadolinx.com.br
lionda.marelli@franqueadolinx.com.br
henrique.domingues@franquadolinx.com.br
tiago.machado@franqueadolinx.com.br
marcus.migon@franqueadolinx.com.br
clovis.dutra@franqueadolinx.com.br
gilberto.teixeira@franqueadolinx.com.br
leonardo.alves@franqueadolinx.com.br
rosecler.oliveira@franqueadolinx.com.br
nelsonedi.marques@franqueadolinx.com.br
Andrew.bonetti@franqueadolinx.com.br
ricardo.garcia@franqueadolinx.com.br
adriane.vidal@franqueadolinx.com.br
mauro.ferreira@franqueadolinx.com.br
jose.farias@franqueadolinx.com.br
heraldo.serrao@franqueadolinx.com.br
rodrigo.maia@franqueadolinx.com.br
jose.thomaz@franqueadolinx.com.br
luiz.ssilva@franqueadolinx.com.br
werley.santos@franqueadolinx.com.br
renan.santos@franqueadolinx.com.br
cesar.ariosi@franqueadolinx.com.br
valeria.angelico@franqueadolinx.com.br
alexandre.frabetti@franqueadolinx.com.br
wellington.silva@franqueadolinx.com.br
edmilson.barbosa@franqueadolinx.com.br
silvanjo.costa@franqueadolinx.com.br
edison.shobuss@franqueadolinx.com.br
denner.azevedo@franqueadolinx.com.br
marcelo.simoes@franqueadolinx.com.br
waschington.cunha@franqueadolinx.com.br
katia.oliveira@franqueadolinx.com.br
davisson.robert@franqueadolinx.com.br
manoel.campos@franqueadolinx.com.br
giuliano.oliveira@franqueadolinx.com.br
afranio.barroso@franqueadolinx.com.br
antonio.leite@franqueadolinx.com.br
suporte.degust@linx.com.br
helpdeskdms.bh@linx.com.br
dev@novahaus.com.br
linx@fsb.com.br
privacidadededados@linx.com.br
etica.linx@resguarda.com
centraldereservas@localiza.com
zarp@localiza.com
fidelidade@localiza.com
fidelidade@localiza.com.
vaipormim@localiza.com
sonia.xavier@inpresspni.com.br
ana.rachid@inpresspni.com.br
parcerias@localiza.com
queroserfornecedor@localiza.com
juridicocriminal@localiza.com
falefacil@localiza.com
contato@luizalabs.com
legal@medium.com
trust@medium.com
legal@medium.com.
trust@medium.com.
privacy@medium.com
privacy@medium.com.
sac01@multimoveis.com
info@mttechne.com.br
contato@myrabr.com
sales@mutant.com.br
contato@mutantbr.com
contato@mutant.com.br
nitro@mutant.com.br
comercial@zoly.com.br
contato@noorden.com.br
contato@peers.com.br
aline@danthi.com.br
juliana@danthi.com.br
dpo@brandpeers.com.br
dpo@peers.com.br
picpay@canaldeetica.com.br
parcerias@picpay.com
ouvidoria@original.com.br
contato@powerofdata.com.br
Kamranimtiaz1@yahoo.com
BR_Alumni@pwc.com
contato@redventures.com
contato@asaas.com.br
20serasa@fortegroup.com.br
20benemar.representacoes@benemarsc.com.br
GOVERNANCACONVENIOSERASA@br.experian.com
governancaconvenioserasa@br.experian.com
5011serasaexperian@edelman.com
e-mail@serasaexperian.com.br
autoatendimento@br.experian.com
captacao_dados_empresariais@br.experian.com
acaosocial@br.experian.com
abuse@br.experian.com
Gerson.Lezak@br.experian.com
atendimento.bancos@sinqia.com.br
atendimento.fundos@sinqia.com.br
atendimento.previdencia@sinqia.com.br
atendimento.consorcios@sinqia.com.br
atendimento.investimentos@sinqia.com.br
atendimento.cambio@sinqia.com.br
atendimento.saude@sinqia.com.br
marketing@sinqia.com.br
cae@sinqia.com.br
dpo@sinqia.com.br
contato@fepweb.com.br
atendimento@quiteja.com.br
dpo@newconsoftware.com.br
dpo@solutis.com.br
programas@zup.com.br
opensource@zup.com.br
charlescd-dev@googlegroups.com
eticaecompliance@zup.com.br
privacidade@zup.com.br
voce@provedor.com
zupcast@zup.com.br
leandro@ivoire.com.br
jessica@ivoire.com.br
contato@ivoire.com.br
techpartnerships@valuelabs.com
datadataprivacy@valuelabs.com
procurement@valueLabs.com
pdataprivacy@valuelabs.com
social@valuelabs.com
arobertson@brodeur.com
Joshua.Kanter@encora.com
support@trello.com
nomarketing@trello.com
privacy@atlassian.com.
eudatarep@atlassian.com
sales@atlassian.com
contato@melhoresdiaristas.com.
contact@rupee.com.br
mariana.barbosa@sp.oglobo.com
rennan.setti@oglobo.com.br
fausto.macedo@estadao.com
pepita.ortega@estadao.com
rayssa.motta@estadao.com
Daniel.Bramatti@estadao.com
alessandra.monnerat@estadao.com
clarissa.pacheco@estadao.com
samuel.lima@estadao.com
luciana.marschall@estadao.com
pedro.prata@estadao.com
talita.burbulhan@estadao.com
ariel.freitas@estadao.com
cecilia.dolago@estadao.com
dandara.franco@estadao.com
maria.marin@estadao.com
gabi.coelho@estadao.com
iago.proenca@estadao.com
jorge.gonzalez@estadao.com
katia.brembatti@estadao.com
marcelo.perrone@estadao.com
roger.ferreira@estadao.com
thais.brunoro@estadao.com
estadaoverifica@estadao.com
dan_barros@yahoo.com.br
1035924@estadao.com
gabriel.pinheiro@estadao.com
646008@estadao.com
diego.ortiz@estadao.com
1151738@estadao.com
1031996@estadao.com
1110136@estadao.com
822582@estadao.com
1134914@estadao.com
868396@estadao.com
gilberto.amendola@estadao.com
980994@estadao.com
970603@estadao.com
1035088@estadao.com
carla.miranda@estadao.com
1012347@estadao.com
adriana.moreira@estadao.com
870757@estadao.com
1030841@estadao.com
807621@estadao.com
1069187@estadao.com
angela.perez@estadao.com
1131508@estadao.com
693146@estadao.com
820814@estadao.com
924903@estadao.com
daniel.fernandes@estadao.com
viviane.bittencourt@estadao.com
renata.okumura@estadao.com
ludimila.honorato@estadao.com
edmundo.leite@estadao.com
1071777@estadao.com
893340@estadao.com
1054961@estadao.com
1175653@estadao.com
1106465@estadao.com
825662@estadao.com
wilson.tosta@estadao.com
1078658@estadao.com
692905@estadao.com
fabio.grellet@estadao.com
688134@estadao.com
1108140@estadao.com
1005472@estadao.com
marcio.dolzan@estadao.com
1178350@estadao.com
1114603@estadao.com
826030@estadao.com
1114522@estadao.com
670626@estadao.com
vinicius.neder@estadao.com
1134566@estadao.com
1140647@estadao.com
1014706@estadao.com
919390@estadao.com
1049615@estadao.com
almir.leite@estadao.com
631752@estadao.com
1049283@estadao.com
robson.morelli@estadao.com
eliana.souza@estadao.com
986712@estadao.com
1103881@estadao.com
832405@estadao.com
418978@estadao.com
616567@estadao.com
825301@estadao.com
1036289@estadao.com
1027450@estadao.com
filipe.serrano@estadao.com
851582@estadao.com
luiz.raatz@estadao.com
marcos.guterman@estadao.com
985872@estadao.com
marcius.azevedo@estadao.com
816892@estadao.com
joao.castro@estadao.com
994332@estadao.com
renata.cafardo@estadao.com
1151703@estadao.com
guilherme.bianchini@estadao.com
1185110@estadao.com
1160338@estadao.com
1011383@estadao.com
1021087@estadao.com
levy.gomes@estadao.com
luizugeda@estadao.com
jose.fucs@estadao.com
augusto.decker@estadao.com
talita.ferrari@estadao.com
1165577@estadao.com
1174738@estadao.com
silvio.cascione@estadao.com
mariana.carneiro@estadao.com
1146696@estadao.com
gustavo.cortes@estadao.com
colunadoestadao@estadao.com
eliane.cantanhede@estadao.com
867276@estadao.com
847810@estadao.com
william.waack@estadao.com
carlos.pereira@estadao.com
joaogabrielsantanadelima@gmail.com
vera.rosa@estadao.com
felipe.brasil@estadao.com
marcelo.godoy@estadao.com
pablo.pereira@estadao.com
jose.tomazela@estadao.com
1007963@estadao.com
haisem.abaki@estadao.com
1144200@estadao.com
matheus.dametto@estadao.com
1115510@estadao.com
1063685@estadao.com
1032470@estadao.com
1045938@estadao.com
1024949@estadao.com
1110250@estadao.com
1096176@estadao.com
1122240@estadao.com
oliver.stuenkel@gmail.com
lourival.santanna@estadao.com
moises.naim@estadao.com
mario.llosa@estadao.com
1078283@estadao.com
fernando@reinach.com
rolf.kunts@estadao.com
jorge.okubaro@estadao.com
625086@estadao.com
1018523@estadao.com
fernando.scheller@estadao.com
830232@estadao.com
616753@estadao.com
1060929@estadao.com
1032712@estadao.com
1030566@estadao.com
1061585@estadao.com
1062662@estadao.com
1081250@estadao.com
870064@estadao.com
1035096@estadao.com
marta.maia@estadao.com
cristiane.barbieri@estadao.com
cynthia.decloedt@estadao.com
matheus.piovesana@estadao.com
circe.bonatelli@estadao.com
altamiro.junior@estadao.com
adriana.fernandes@estadao.com
624977@estadao.com
karpuska@estadao.com
marcela.paes@estadao.com
paula.bonelli@estadao.com
sofia.patsch@estadao.com
pedro.venceslau@estadao.com
luciana.garbin@estadao.com
819638@estadao.com
ubiratan.brasil@estadao.com
ELIANA.SOUZA@estadao.com
murilo.busolin@estadao.com
1037951@estadao.com
1082361@estadao.com
1008030@estadao.com
982377@estadao.com
1032828@estadao.com
996483@estadao.com
mariaf.rodrigues@estadao.com
1131362@estadao.com
renato.vieira@estadao.com
1115545@estadao.com
1140060@estadao.com
1119907@estadao.com
renato.prelorentzou@estadao.com
igor.ferraz@estadao.com
teste@teste.com
teste@gmail.com
email@cliente.com
teste@iugu.com
bruwi112406@gmail.com
teste@teste.comm
test@mail.com
cliente@gmail.com
morone.ferreira@iugu.com
contact@email.com
contact1@email.com
contact2@email.com
owner@email.com
invited_user@email.com
invited_user_2@email.com
ouvidoria@iugu.com
ouvidoria@iugu.com.
dpo@iugu.com
comercial@startups.com.br
andre@drjones.com.br
gente@libercapital.com.br
abuse@locaweb.com.br
ouvidoria@locaweb.com.br
opensource@locaweb.com.br
eventos@locaweb.com.br
imprensa@nextios.com.br
imprensa@tray.com.br
treinamento@allin.com.br
atendimento@allin.com.br
gracielle.silva@locaweb.com.br
usuario@empresa.com.br
privacidade@locaweb.com.br
rhrecrutamento@locaweb.com.br
ouvidoria@rpev.com.br
privacy@rpev.com.br
dpo@rpev.com.br
contact@rpev.com.br
marca@minhamarca.com.br
lojista@minhaloja.com.br
joao.arthur@gmail.com
digital@grupomm.com.br
u00a0e-maildpo@nexoos.com.br
dev@nexoos.com.br
regina@pimenta.com
anacarolina@pimenta.com
contato@umentor.com.br
motivated.it@gmail.com
contato@gonddo.com.br
compliance@umanni.com.brMUITO
suporte@umanni.com.br
htinha1999@exemplo.com.br
seunomecompleto@exemplo.com.br
cristiane.braga@xmail.com
nomedapessoa@nomedaempresa.com.br
pedro.silva@email.com
joao.souza@email.com
usuario@Vindi.com.br
eventos@vindi.com.br
user@domain.com
c1e2cccf2d9d480c86aed70525514de7@sentry.olist.com
suporte@tiny.com.br
nome@minhaempresa.com.br
sac@bonitour.com.br
reservas@bonitour.com.br
u003ereservas@bonitour.com.br
financeiro@geekhunter.com.br
aeagrolandia@yahoo.com.br
acisaht@yahoo.com.br
aciac.ac@hotmail.com
aciaa@aciaa.com.br
aciva@acivaararangua.com.br
aciatsc@yahoo.com.br
acisa@tpa.com.br
comunicacao1@acibalc.com.br
faraco@potencialmkt.com.br
financeiro@acibig.com.br
contato@aembombinhas.com.br
acivale@acivale.com.br
aeb.brunopolis@gmail.com
acic@conection.com.br
aciaca@hotmail.com
acice@smo.com.br
imprensa@acin.com.br
comunicacao@ceitapema.com.br
contato@exitoagencia.com.br
comunicacao.acircan@gmail.com
imprensa@acij.com.br
angelacardoso24@gmail.com
imprensa@acislo.com.br
imprensa@acioc.com.br
comunicacao@aemaravilha.com.br
icc.imprensa@gmail.com
imprensa@acicri.com.br
expressivacomunicacao@gmail.com
comunicacao@acirs.com.br
aciaf.fraiburgo@gmail.com
comunicacaoacipcdl@pzo.com.br
lucaslemos.jnl@gmail.com
lucianafloreskoerich@gmail.com
imprensaacivale@gmail.com
mb@mbcomunicacao.com.br
comunicacao@acipsc.com.br
pgcomunicacao@netcon.com.br
imprensa@acijs.com.br
sheila@acilages.com.br
comunicacao@aciaa.com.br
roberta@trevocomunica.com
executiva@acigweb.com.br
lb.junior@echosis.com.br
aciac@aciaccorupa.com.br
cursos@acicri.com.br
contato@getrak.com.br
contato@kmonline.com.br
financeiro@kmonline.com.br
suporte@kmonline.com.br
contact@kalungi.com
vendas@seunegocio.com.br
financeiro@seunegocio.com.br
pesquisa@folhapress.com.br
atendimento@startse.com
comercial@startse.com
dpo@startse.com
assessoria@startse.com
contato@email.com
rocky.balboa@email.com
johndoe@test.com
u002F6d888271e8464b328ffe499b040fa990@sentry.glassdoor.com
your.name@provider.com
alysa.augusta@pipefymail.com
sales@trustedhealth.com
f.nightengale@gmail.com
hello@trustedhealth.com
hello@truework.com
support@1password.com
passwordless@1password.com
business@1password.com
jody.heavener@agilebits.com
integrations@1password.com
jeff.shiner@1password.com
tech-partnerships@agilebits.com
letschat@1password.com
partnerships@1password.com
1love@1password.com
nobody@fastmail.com
you@fastmail.com
dpo@1password.com
paddy@1password.com
ceoname@companydomain.com
ceoname@companyname1.com
ceoname@gmail.com
appdone@agilebits.com
robh@agilebits.com
cli@agilebits.com
john@acmecorp.com
supportuk@adzuna.com
dataprotectionofficer-@-adzuna.com
accounts@adzuna.com
ihr.name@email.com
vorname.nachname@domain.com
seu.nome@email.com
seu.nome@dominio.com
votre.nom@email.com
votre.email@domaine.com
tuo.nome@email.com
tuo.email@email.com
tu.nombre@email.com
tu.email@dominio.com
dein.name@email.com
deine.email@domain.com
support@frontify.com
no-reply@frontify.com
billing@frontify.com
support@frontify.com.
mjosefinacp@gmail.com
deine.mail@gmail.com
sirine.bendjemia@gmail.com
media@alan.com
musicweek@abacusemedia.com
accounts@algorand.com
marketing@aliceplatform.com
privacy@actabl.com
Investor.relations@alight.com
your@mail.com
name@mail.com
info@alley.com
plus@shopify.com
u003eplus@shopify.com
giulia.dellaria@appinio.com
jessica.poon@appinio.com
verena.moll@appinio.com
mbroulou@agence-profile.com
privacy@appinio.com.
security@appinio.com
data@ardenthq.com
dev@arkency.com
support@arkency.com
support@artefactual.com
evelyn@artefactual.com
sales@rise.com
help@rise.com
privacy@articulate.com
privacy@rise.com
privacy@articulate.com.
security-disclosure@rise.com
legal@articulate.com
support@pocketcasts.com
hussain@axelerant.com
subhojit.paul@axelerant.com
sonu.raj@axelerant.com
prateek@axelerant.com
sujatha.varadharajan@axelerant.com
bassam@axelerant.com
vivek.agarwal@axelerant.com
deepthi.gurijala@axelerant.com
julie@widgetco.com
support@hey.com
support@basecamp.com
jason@basecamp.com
support@beenverified.com.
press@beenverified.com
Support@Beenverified.com
Support@beenverified.com
receipts@travelbank.com
johndoe@gmail.com
support@peoplesmart.com
affiliates@ltvco.com
privacy@beenverified.com
ccpa@beenverified.com.
support@beyondpricing.com
signal@beyondpricing.com
Signal@Beyondpricing.com
sales@beyondpricing.com
reservations@bearcampcabins.com
info@denibozo.com
privacy@icims.com
test957@mailinator.com
serviceomp@test957.com
careers@vmware.com
support@blameless.com
hello@buffer.com
BaiersbronnGermanysupport@bugfender.comBusiness
support@buysellads.com
melina@buysellads.com
dpo@cabify.com.
privacy@mediamath.com.
support@taboola.com
dpo@taboola.com
privacy@taboola.com
dpo@criteo.com
dataprotection@canonical.com
abuse@capitalone.com
abuse@capitalone.com.
dmca@capitalone.com
api-services-support@amazon.com.
4453112fcc0743c8bbc7ae059432763a@app.getsentry.com
privacy@progress.com
copyrights@progress.com
trademarks@progress.com
legal@progress.com
bod@progress.com
security@progress.com
privacy@Progress.com
Privacy@Progress.com
Privacy@progress.com
argentina@adistec.com
asia.sales@progress.com
bolivia@adistec.com
info_br@adistec.com
comercial@software.com.br
centroamerica@adistec.com
chile@adistec.com
quantum@quantumltda.com
ymorphitis@glprodata.com
ecuador@adistec.com
mchryss@csd.com.gr
Sales@moding.com
sales_japan-ipswitch@progress.com
MarkLogic-JP@marklogic.com
nabilS@dq.com.lb
humberto.perez@xweb.com.mx
jdsalazar@quantumltda.com
akaize@saudico.com.sa
contact@tunisiesoft.com
info@m2bilsim.com.tr
chbektas@servodata.com.tr
jvio@gtsargentina.com
kassakorley@gmail.com
anthony.levin@chess.com
sam@chess.com
peter@chess.com
rafael@rafaelleitao.com
colin@chess.com
Questions@ChessKid.com
support@chess.com
security@circleci.com
u003Eexample@yourdomain.com
cci-vscode-feedback@circleci.com
rob@circleci.com
sales@circonus.com
marketing@circonus.com
privacy@circonus.com
support@circonus.com
you@yourdomain.com
medium@civicactions.com
kevin.walsh@civicactions.com
hello@civo.com
samantha.brenner@close.com
support@close.com
sales@coalitiontechnologies.com
dwevents@cloudbees.com
dw-speakers@cloudbees.com
dw-sponsorships@cloudbees.com
support@compose.com.
web3@banklesshq.com
u003eweb3@banklesshq.com
banxa@wachsman.com
u003ebanxa@wachsman.com
mediarelations@paypal.com
u003emediarelations@paypal.com
press@ethereumclimate.com
u003epress@ethereumclimate.com
info@thebostonheadshot.com
investorinfo@cvshealth.com
cvshealthsupport@us.ibm.com
marketingsupport@cvscaremark.com
AdviceandCounsel@cvshealth.com
cvshealthsupport@infinite.com.
hr@romackinc.com
ivy.latimer@cvshealth.com
SecurityDesk1@CVS.com
Privacy.Officer@CVSHealth.com
Ethics.BusinessConduct@CVSHealth.com
Compliance.Questions@CVSHealth.com
CVS_MNDA_Requests@CVSHealth.com
COI@CVSHealth.com
Accessibility@CVSHealth.com
privacy.officer@cvshealth.com
do_not_call@cvscaremark.com
DMCA@cvshealth.com
wi.info@cvshealth.com
TalentAcquisitionEMEA@mycwt.com
TalentAcquisitonAmericas@mycwt.com
office@rubinsteinmedia.com
hello@dalenys.com
info@darecode.com
business@finixio.com
resellers@partners.dashlane.com
support@dashlane.com
android@agilebits.com
support@keepersecurity.com
support@essentialaccessibility.com
contato@datasciencebr.com
iwant@datadoghq.com
support@datadoghq.com
sales@datadoghq.com
customer-success@datadoghq.com
info@datadoghq.com
webinars@datadoghq.com
press@datadoghq.com
analystrelations@datadoghq.com
IR@datadoghq.com
mobile@datadoghq.com
learn@datadoghq.com
security@datadoghq.com
bugbounty@datadoghq.com
covid19-help@datadoghq.com
procurement@datadoghq.com
legalcompliance@datadoghq.com
legal@datadoghq.com
privacy@datadoghq.com
support@datastax.com
dealdash.com-desktop@2x.1653076382.jpg
support@dealdash.com
dealdash.com-mobile@1x.1653076382.jpg
dealdash.com-mobile@2x.1653076382.jpg
dealdash.com-desktop@1x.1653076382.jpg
adrian@dealdash.com
helpdesk@sitejabber.com
support@sitejabber.com
support@trustpilot.com
privacy@trustpilot.com
support@papertrailapp.com
support@dzone.com
support@zulip.com
support@playboxtechnology.com
Investors@digitalocean.com
customerservice@kotisdesign.com
domeetups@digitalocean.com
uknskhqt@intercom-mail.com
support@pabbly.com
EBSCONETSupport@ebsco.com
ajey.s@quantilus.com
jbeene@mediasourceinc.com
support@ebsco.com.
mobileappsupport@ebsco.com
mobileappsupport@ebsco.com.
rmchan@insider.com
rmchan@businessinsider.com
ssilverstein@businessinsider.com
tcadigan@businessinsider.com
feedback@forbescouncils.com
customerservicedigital@rollingstone.com
support@wsj.com
jobs@emsisoft.com
marketing@advantmed.com.
vsanchez@allymarhealth.com.
PayerCommunity@reveleer.com
payersolutions@veradigm.com
team@coldwellbankerrealestate.com
team@coldwellbankerrealestate.com.
jobs@estately.com
press@estately.com
example@gmail.com
7be70866e3fc4f1583104b726ccbe36e@app.getsentry.com
legal@pridatect.com
security@factorial.com
academy@fastly.com
IR@fastly.com
support@fatmap.com
help@smugmug.com
info@patitucciphoto.com
docs@fauna.com
unblockrequest@realtor.com
support@checkout.com
support@fingerprint.com.
support@fingerprintjs.com
alaina@fire-engine-red.com
albany.muria@fire-engine-red.com
alex.jenner@fire-engine-red.com
alex.keth@fire-engine-red.com
aliyah.quill@fire-engine-red.com
ashley.riser@fire-engine-red.com
brian.claridge@fire-engine-red.com
chad.gregory@fire-engine-red.com
chad@fire-engine-red.com
cheyne.wago@fire-engine-red.com
dana.irwin@fire-engine-red.com
dara.corrato@fire-engine-red.com
deb.wright@fire-engine-red.com
drew.johnson@fire-engine-red.com
eliseu.dantas@fire-engine-red.com
elizabeth.bross@fire-engine-red.com
emily.rolfe@fire-engine-red.com
erica.shaw@fire-engine-red.com
erika.anderson@fire-engine-red.com
gabe.rodriguez@fire-engine-red.com
jared.forell@fire-engine-red.com
jason@fire-engine-red.com
jesse.white@fire-engine-red.com
jessica.bittner@fire-engine-red.com
joanna@fire-engine-red.com
josh.petersmith@fire-engine-red.com
justin.hamm@fire-engine-red.com
justin.levine@fire-engine-red.com
laura.kitslaar@fire-engine-red.com
lisa@fire-engine-red.com
megan.bowe@fire-engine-red.com
megan.tvedt@fire-engine-red.com
melissa@fire-engine-red.com
michelle.cook@fire-engine-red.com
morgan@fire-engine-red.com
nick@fire-engine-red.com
pedro.faria@fire-engine-red.com
perry@fire-engine-red.com
pete.mueller@fire-engine-red.com
robert@fire-engine-red.com
sam@fire-engine-red.com
stephanie.jenkins@fire-engine-red.com
tracy.arndt@fire-engine-red.com
whitney.rose@fire-engine-red.com
zaneb.ghanem@fire-engine-red.com
20fercares@fire-engine-red.com
billing@fire-engine-red.com
20billing@fire-engine-red.com
20info@fire-engine-red.com
alexm@psmediainc.com
ahmed@psmediainc.com
test@gmail.com
claranet@martinbrando.com
contato@pcontrol.com.brhello@glideapps.com
rafael.kiso@gmail.com
john.smith@johnsmit.com
example2@yourdomain.com
evan.testlast@formstack.com
shout@fourkitchens.com
admin@fourkitchens.com
contato@3035tech.compix@gerencianet.com.br
corp@gerencianet.com.br
pix-denuncias@EF�.com.br
comunicacao@Ef�.com.br
privacidade@Ef�.com.br
efi@approach.com.br
hello@ateliware.com
support@recruitee.com
contato@3035tech.comprivacidade@solides.com.br
parceiros@commerce10.com.br
suporte@commerce10.com.br
hello@gohiring.com
comercial@eslsistemas.com.br
privacy@gohiring.com
jlemasurier@ghg-advisors.flywheelstaging.com
jselby@ghg-advisors.flywheelstaging.com
agreen@ghg-advisors.flywheelstaging.com
ajesse@ghg-advisors.flywheelstaging.com
bmatel@ghg-advisors.flywheelstaging.com
cpawleymartin@ghg-advisors.flywheelstaging.com
tbailey@ghg-advisors.flywheelstaging.com
eshapiro@ghg-advisors.flywheelstaging.com
rdesai@ghg-advisors.flywheelstaging.com
jbeckett@ghg-advisors.flywheelstaging.com
afox@ghg-advisors.flywheelstaging.com
dgiles@ghg-advisors.flywheelstaging.com
vhatton@ghg-advisors.flywheelstaging.com
klaffey@ghg-advisors.flywheelstaging.com
klackey@ghg-advisors.flywheelstaging.com
jludwig@ghg-advisors.flywheelstaging.com
amccreavy@ghg-advisors.flywheelstaging.com
ppetty@ghg-advisors.flywheelstaging.com
srogers@ghg-advisors.flywheelstaging.com
jrogalla@ghg-advisors.flywheelstaging.com
cshortridge@ghg-advisors.flywheelstaging.com
jdelosreyes@ghg-advisors.flywheelstaging.com
krollins@ghg-advisors.flywheelstaging.com
dhollie@ghg-advisors.flywheelstaging.com
jassefa@ghg-advisors.flywheelstaging.com
sbeach@ghg-advisors.flywheelstaging.com
jclark@ghg-advisors.flywheelstaging.com
hharmon@ghg-advisors.flywheelstaging.com
smiller@ghg-advisors.flywheelstaging.com
mmonte@ghg-advisors.flywheelstaging.com
mediarelations@conveyhs.com
Careers@ConveyHS.com
Careers@conveyhs.com
20BusinessSolutions@ConveyHS.com
BusinessSolutions@conveyhs.com
Webmaster@ConveyHS.com
Webmaster@conveyhs.com
Mediarelations@ConveyHS.com
MediaRelations@conveyhs.com
Legal@gotsport.com
publicrelations@granicus.com
PublicRelations@granicus.com
dpo@granicus.com
vulnerabilityreporting@granicus.com
VulnerabilityReporting@granicus.com
granicus@launchsquad.com
social@locaweb.com.br
incentivo@locaweb.com.br
imprensa@locawebcompany.com.br
admissions@hackreactor.com
hello@coursereport.com
admissions@galvanize.com
Janedoe@gmail.com
support@harvestapp.com
support@hashicorp.com
info@wipro.com.
privacy@hashicorp.com
security@hashicorp.com
u003eprivacy@hashicorp.com
u003esecurity@hashicorp.com
hugs@hashicorp.com
contato@portalsolar.com.br
contato@meufinanciamentosolar.com.br
mercadolivre@portalsolar.com.br
usina@portalsolar.com.br
u003eusina@portalsolar.com.br
franquias@portalsolar.com.br
vendas@portalsolar.com.br
support@yourcompany.com
james@bond.com
u003econtato@portalsolar.com.br
marketing@portalsolar.com.br
pautas@portalsolar.com.br
u003emarketing@portalsolar.com.br
u003epautas@portalsolar.com.br
financeiro@portalsolar.com.br
afiliados@portalsolar.com.br
u003efinanceiro@portalsolar.com.br
u003eafiliados@portalsolar.com.br
lfletcher@salesforce.com
feedback@heroku.com
support@heroku.com
heroku-abuse@salesforce.com
ospo-heroku-credits@salesforce.com
data@heroku.com
git@heroku.com
privacymark@salesforce.com
privacy@salesforce.com
privacy@salesforce.com.
datasubjectrequest@salesforce.com
info@jp.groupimd.com
support@hudl.com
sales@humanmade.com
hello@humanmade.com
privacy@humanmade.com
privacy@humanmade.com.
iibv@us.ibm.com
mark.foster@ibm.com
Sheri.Hinish@ibm.com
balta@us.ibm.com
peter.korsten@nl.ibm.com
sheri.hinish@ibm.com
Bruce.Jarvis@ibm.com
bruce.jarvis@ibm.com
Manish.Chawla@us.ibm.com
spencer.lin@us.ibm.com
jacob.dencik@be.ibm.com
jane.cheung@us.ibm.com
karl.haller@us.ibm.com
guptas@sg.ibm.com
mary.wallace@uk.ibm.com
anthony2@us.ibm.com
ajlipp@us.ibm.com
john.granger@uk.ibm.com
lowell.eschen@ibm.com
benji@idonethis.com
marketing@rockcontent.com
support@saasfam.com
info@idonethis.com
privacy@levertechnology.com
20220329201835.2393141-1-mwen@igalia.com
20220804161349.3561177-1-mwen@igalia.com
20220714191745.45512-1-andrealmeid@igalia.com
support@twilio.com
privacy@twilio.com
dpo@incsub.com
admin@incsub.com.
paypalplus@inpsyde.com
support@backwpup.com
support@wp-centralstock.com
recruiting@inpsyde.com
woo.com_centralstock-mpl_600x300@2x.jpg
hello@inpsyde.comPhone
info@inpsyde.com
info@inpsyde.com.
support@travis-ci.com
comercial@abaco.com.br
curriculo@abaco.com.br
diovani.pedro@abaco.com.br
gisleny.almeida@abaco.com.br
atendimento@trinix.com.br
comercial@trinix.com.br
contato@trinix.com.br
comercial@alfameta.com.br
rh@alfameta.com.br
contato@alternativeagencia.com.br
jorge@alow.com.br
comercial@amazoniasistemas.com.br
angelsistemas@angelsistemas.com.br
suporte@bitline.com.br
financeiro@bitline.com.br
leo@bitline.com.br
cristina@brandaogovernanca.com.br
falecom@blueti.com.br
jonh@doe.com
investors@instructure.com
contato@codigo5.com.br
contato@connect.com.vc
exemplo@email.com
privacy@instructure.com
privacy@Instructure.com
legal@instructure.com
privacy@Instructure.com.
John.Doe@awesomeu.com
contato@harmonysistemas.com.br
contato@i9desenvolvimento.com.br
hm9288@spam.locaweb.com
contato@kasterweb.com.br
contato@lucrorural.com.br
contato@mboss.com.br
comercial@topsapp.com.br
vendas@twspeed.com.br
careers@intevity.com
marketing@intevity.com
sales@intevity.com
info@intevity.com
valid@email.com
press@invisionapp.com
privacy@invisionapp.com
marcusoregano@gmail.com
xiao_laoshu@hotmail.com
zet1@duck.com
contato@rcfinovacoes.com.br
contato@soft42.com
equipe@softsulsistemas.com.br
contato@sydy.com.br
contato@grupohfc.com.br
tham@tham.com.br
tham.suporte@gmail.com
kleber@tham.com.br
andre@tham.com.br
alex@tham.com.br
jose@tham.com.br
helder@tham.com.br
Kleber@tham.com.br
contato@deway.com.br
comercial@deway.com.br
admvendas@morphus.com.br
hamilton@meioseconteudos.com.br
hamiltonnogueira1@gmail.com
privacidade@morphus.com.br
contato@intmed.com.br
contato@doc4doc.com.br
comercial@trackmob.com.br
marcelo@echoflow.com.br
u003Emarcelo@echoflow.com.br
hire@trakstar.com
emam@amammt.com.br
sindojusmt@gmail.com
edward.olender@ipsgroup.com
randy.lassner@ipsgroup.com
tyler.cain@ipsgroup.com
ryan.bunch@ipsgroup.com
tim.maceldowney@ipsgroup.com
brendan.egan@ipsgroup.com
jeff.dean@ipsgroup.com
customersupport@ipsgroupinc.com
enforcement@ipsgroupinc.com
mark.berling@ipsgroupinc.com
patrick.smith@ipsgroupinc.com
brendan.egan@ipsgroupinc.com
jason.key@ipsgroupinc.com
michael.wilson@ipsgroupinc.com
braxton.ratliff@ipsgroupinc.com
jim.cardiello@ipsgroupinc.com
mark.white@ipsgroupinc.com
contact@labcodes.com.br
contact@vinta.com.br
youremail@company.com
contato@3ysoftwarehouse.com.br
guest@airtable.com
ouvidoria@nubank.com.br
meajuda@nubank.com.br
u003emeajuda@nubank.com.br
u003eouvidoria@nubank.com.br
marketing@nubank.com.br
u003emarketing@nubank.com.br
ouvidoria.nubank@chubb.com
procurement@nubank.com.br
u003eprocurement@nubank.com.br
contato@csdbr.com
contato@cedrocapital.com
patricia@engenhariadecomunicacao.com.br
privacy@ipsgroupinc.com
helpdesk@ipsgroupinc.com
legal@ipsgroupinc.com
dpo@csdbr.com
contato@hex360.com.br
info@clear-trail.com
info@issured.com
Support@IPSGroupInc.com
contato@yubb.com.br
info@lightbase.com.br
vagas.alinesilva@gmail.com
vagas@lightbase.com.br
contato@cgsdigital.com.br
contato@dci.com.br
fernanda.guimaraes@estadao.com
aline.bronzati@estadao.com
alda.rocha@estadao.com
donate@opencart.com
vector@vectorinf.com.br
eService@iqvia.com
infosariosupport@quintiles.com
business.ethics@iqvia.com
IQVIATPProgram@IQVIA.com
DataSubmission@IQVIA.com.
privacyofficer@iqvia.com
atendimento@estadovirtual.com.br
contato@2xt.com.br
contato@amopromo.com
enablejs@protonmail.com
contato@intip.com.br
info@jacksonriver.com
info@togetherwork.com
support@account.jitbit.com
any-word-1234@account.jitbit.com
info@tritondatacenter.com
champions@jupiterone.com
silex@silexsistemas.com.br
elipse@elipse.com.br
vendas-mg@elipse.com.br
vendas-pr@elipse.com.br
vendas-rj@elipse.com.br
vendas-sp@elipse.com.br
sales@elipse.com.tw
jack@greensock.com
support@jupiterone.com
rgrandinger@weekebrasil.com.br
atendimento@artrix.com.br
imprensa@quintoandar.com.br
ios@quintoandar.com.br
bob@aol.com
travis@gmail.com
lara@lcroft.com
info@odoo.com
zimbra-team@zimbra.com
contato@base4.com.br
contact@kinsta.com
enterplug@enterplug.com.br
support@kinsta.com
relacionamento@beblue.com.br
sac@convertize.com.br
affiliates@kinsta.com
help@emberjs.com
community@klaviyo.com.
jonathan.batscha@klaviyo.com
jessie.sigler@klaviyo.com
corine@heykona.com
suporte@ezvoice.com.br
example@heykona.com
mvoisin@labelbox.com
u003emvoisin@labelbox.com
manu@labelbox.com.
contato@zerosoft.com.br
contato@cargobr.com
careers@lambertlabs.com
digesto@digesto.com.br
sales@identrust.com
support@squarespace.com
support@duocircle.com
contact@haproxy.com
job.uv9ts@livesport.recruitee.com
job.cwovy@livesport.recruitee.com
job.tp2nf@livesport.recruitee.com
job.6rt6s@livesport.recruitee.com
job.3cgph@livesport.recruitee.com
job.d2ahf@livesport.recruitee.com
job.pphba@livesport.recruitee.com
job.199ac@livesport.recruitee.com
e-mail@domain.com
support@render.com
hello@nabucasa.com
info@cdmon.com
cdmon@delegado-datos.com
websupport@vilros.com
example@yourcompany.com
mezmo@lookleftmarketing.com
outreach@mezmo.com
accessibilitydays@gmail.com
3947170770d04016ab7ad20dd7ff21c7@app.getsentry.com
6703553302b54c4faa2742b57ea43ac9@app.getsentry.com
4a34445337dd40668cb41ee8c725582f@app.getsentry.com
samuele.lilli@gmail.com
john.doe@gmail.com
dciccale@gmail.com
hi@zenorocha.com
support@mapbox.com
marketing@mapbox.com
example@mail.com
info@ezmapdesign.com
paulkfranz@gmail.com
ricardo@vizonomy.com
kate@mynameiskate.com
bates@cartolab.com
bsa@roblabs.com
vision@mapbox.com
copyright@mapbox.com
name@mapbox.com
privacy@mapbox.com
app@pedepronto.com.br
falaai@pedepronto.com.br
ajuda@onyo.com
customer@aparcandgo.com
atendimento@vivadecora.com.br
contato@pontotel.com.br
dpo@pontotel.com.br
suporte@pontotel.com.br
dpo@sankhya.com.br
scielo.org.bo@gmail.com
hosting@mayvue.com
careers@mayvue.com
shine@mediavine.com
getofiliated@gmail.com
artbywhoisandrea@gmail.com
fannylaba@gmail.com
publishers@mediavine.com
sales@mediavine.com
sponsored@mediavine.com
ola@linker.com.br
recruitinginquiry@mediavine.com
marketing@mediavine.com
payments@mediavine.com
mediarelations@mediavine.com
trellis@mediavine.com
create@mediavine.com
grow@mediavine.com
grow.me@mediavine.com
privacy@mediavine.com
webmaster@mediavine.com.
info@mediavine.com
entrepreneurshandbookco@gmail.com
jupyter-executive-council@googlegroups.com
prioritario@linker.com.br
humanparts@medium.com
e.kingsleywhalen@gmail.com.
kailarsenbrooklyn@gmail.com
contato@finxi.com.br
nome@empresa.com
hello@timelyapp.com
nsupport@timelyapp.com
support@timelyapp.com.
marijavkwmtpli@timelyapp.com
marijapaqahwai@timelyapp.com
marijamjzdxxid@timelyapp.com
marijahcvfoqto@timelyapp.com
marijaazvkuubf@timelyapp.com
marijavyflvjaj@timelyapp.com
marijanwfpyfdr@timelyapp.com
marijaoyzfzldl@timelyapp.com
marijaaqvdckbb@timelyapp.com
marijayypozikc@timelyapp.com
marijajumanbbj@timelyapp.com
marijaofatafre@timelyapp.com
marijalurwolma@timelyapp.com
marijatdepsqte@timelyapp.com
quentinvfilzruj@timelyapp.com
marijagtcexbki@timelyapp.com
marijadimpiqfl@timelyapp.com
marijaalifvzlt@timelyapp.com
marija@timely.com
notifications@timelyapp.com
marijaocdulnoc@timelyapp.com
marijanlqspmnd@timelyapp.com
marijaymyeghno@timelyapp.com
marijandsoaijm@timelyapp.com
mortgageanalytics.sales@firstam.com
www.mortgageanalytics.sales@firstam.com
info@dataverify.com
Sales@pitchpointsolutions.com
rlongmore@dytrix.com
InvestorRelations@meridianlink.com
pr@meridianlink.com
PR@meridianlink.com
privacy@meridianlink.com
legal@meridianlink.com
security@meridianlink.com
service@spreadshirt.com
support@mixmax.com
privacy@mixmax.com
support@mixmax.com.
privacy@mixmax.com.
security@mixmax.com
info@siroc-group.com
austria@siroc-group.com
spain@siroc-group.com
cyprus@siroc-group.com
dubai@siroc-group.com
germany@siroc-group.com
estonia@siroc-group.com
sales@modsquad.com
publicsector@mongodb.com
info@mongodb.com
partners@mongodb.com
communications@mongodb.com
nir@mongodb.com
ncommunications@mongodb.com
startups@mongodb.com
privacy@mongodb.com
legal@mongodb.com
mitch@wassonlabs.com
will.ashworth@pimberly.com
joev@metasploit.com
press@mozilla.com
devex@mux.com
support@mux.com
sdks@mux.com
sales@ospreyvideo.com
info@demuxed.com
mysql-sales_ww@oracle.com
mysql-sales_de@oracle.com
mysql-sales-emea_ww@oracle.com
mysql-sales_au_grp@oracle.com
mysql-sales_cn_grp@oracle.com
mysql-sales_in_grp@oracle.com
mysql-sales_jp_grp@oracle.com
mysql-sales_kr_grp@oracle.com
mysql-sales_sg_grp@oracle.com
copyright_us@oracle.com
duvidas@hurb.com.
trademar_us@oracle.com
dpo@netguru.com.
info@mozio.com
email@umaya_agency.com
email@umaya_job.com
press@netguru.com
dpo@hurb.com.
u003eduvidas@hurb.com
ux@netguru.com
midiasmkt@hurb.com
help@hurb.com
midiasmkt@hurb.com.
midiasmkt@hurb.com.br
contato@e-xyon.com.br
ariel.miller@invicti.com
xx@xx.com
privacy@invicti.com
hello@remotionevents.com
hello@website.com
hello@ontheupside.com
campoverde@getmiren.com
nativeland@99jobs.com
hello@99jobs.com
sales@nodesource.com
info@nodesource.com
hello@noredink.com
tim.craven@novoda.com
carl@novoda.com
carl.harroch@novoda.com
sarah@novoda.com
sarah.gruneisen@novoda.com
tim.kim@novoda.com
privacy@novoda.com
privacy@novoda.com.
tim.craven@novoda.com.
privacy@nvidia.com
SB_Client_Email@dell.com
sales@exxactcorp.com
service@leadtek.com.tw
inceptionprogram@nvidia.com
enterpriseservices@nvidia.com
renewalsales@nvidia.com
vnoroozi@nvidia.com
stanislavv@nvidia.com
nvidia-rtx-experience-feedback@nvidia.com
gdn@nvidia.com
sales@alignedenergy.com
sales@digitalrealty.com
nvidia@scalematrix.com
Sales@stackinfra.com
sales@atnorth.com
restaurants@nvidia.com
enterpriseservices@nvidia.com.
rsprev@rsprev.com.br
contato@radiofobia.com.br
developers@sap.com
SAPDisclosureManagement@sap.com
investor@sap.com
webmaster@sap.com
lqliangxin@163.com
NBU-academy-support@nvidia.com
networking-contracts@nvidia.com
cdnwafalerts-ec@exchange.nvidia.com
info@cheesecakelabs.com
jordan@techcrunch.com.
shieber@techcrunch.com.
ldebter@forbes.com.
sandali@coindesk.com
press@gv.com
korelya@korelyacapital.com
suporte@cianet.com.br
protecaodedados@cianet.com.br
contato@cd2.com.br
comercial@cd2.com.br
partnerships@loadsmart.com
nicolas.manjon@mercadolibre.com
akiachian@nvidia.com
meneumann@deloitte.com
juan.telechea@mercadolibre.com
accessibility@nvidia.com
info@nvidia.com
ext_jquiones@mercadolibre.com
ext_flmarina@mercadolibre.com
support@oreilly.com
vendas@neoprospecta.com
administrativo@neoprospecta.com
logistica@neoprospecta.com
neoprospecta@neoprospecta.com
institucional@neoprospecta.com
marketing@ocient.com
recruiting@ocient.com
legal@Ocient.com
legal@Ocient.com.
security@octopus.com
aburke@incomm.com
Octopus@mydomain.com
support@red-gate.com
octopus@email.com
Colin.Dabritz@Viewpoint.com
colin.dabritz@viewpoint.com
your.user@name.com
sales@octopusdeploy.com
sales@octopus.com
support@octopusdeploy.com
support@octopus.com
community@octopus.com
privacy@olark.com
support@olark.com
Privacy@Olark.com
gdpr@olark.com
dpo@olark.com
datainquiry@dpr.eu.com
developers@olark.com
joe@olark.com
johndoe@olark.com
info@olark.com
sales@olark.com
bob@companyemail.com
contato@biome-hub.com
privacidade@biome-hub.com
contato@biome-hub.com.
InvestorRelations@olo.com
jsmith@gmail.com
vinicius.manoel@nexxera.com
security@onna.com
contato@mercos.com
contato@itflex.com.br
privacidade@itflex.com.br
pr@onna.com
contact@openzeppelin.com
security@openzeppelin.com
jobs@openzeppelin.com
jobs@openzeppelin.com.
defender@openzeppelin.com
legal@openzeppelin.com
legal@openzeppelin.com.
info@ordermentum.com
support@ordermentum.com.
info@outsourcingdev.com
support@parabol.com
hello@parsely.com
press@parsely.com
support@parsely.com
support@parsely.com.
privacy@parsely.com
support@gettongo.com
someone@elliman.com
support@gettongo.com.
contact@paytm.com
pi@paytm.com.
support@bootstrapcreative.com
XCg@mail.gmail.com
enquiries@musicbizworldwide.com
email@musicbizworldwide.com
problem@musicbizworldwide.com
arjun@xyz.com
hello@pragma.com.co
info@pragma.com.co
PredictMobile1@predictmobile.com
unsubscribe@predictmobile.com
datacontroller@predictmobile.com
info@purpleimp.com
hello@infogram.com
daniel.alvers@pwc.com
info@strategy-business.com
info@privacycloud.com
info@thedataprivacydetective.com.
MoneyRehab@NicoleLapin.com
dpo@privacycloud.com
support@quantifyhq.com
applicant-fraud@rackspace.com
sales@rainforestqa.com
security@ramp.com
feedback@ramp.com.
info@cambridgekinetics.com
enablement-team@recurly.com
support@recurly.com
support@recurly.com.
accounts@reinteractive.com
contact@replit.com
dpo@revolut.com.
formalcomplaints@revolut.com.
sales@rtcamp.com
press@rtcamp.com
design@rtcamp.com.
investor@salesforce.com
legal@salesforce.com
copyright@salesforce.com
legalcompliance@salesforce.com
trademarks@salesforce.com
dmca@salesforce.com
security@salesforce.com
support@ithemes.com
support@sandhillsdev.com
marcin.krykowski@gmail.com
6831002d00844072a6af6e71fcdb9dbb@sentry.mirasense.com
press@scandit.com
legal@scopicsoftware.com.
marketing@scopicsoftware.com
hello@scrapingbee.com
contact@renderedtext.com
martin.donath@squidfunk.com
feedback@semaphoreci.com
u003efeedback@semaphoreci.com
hello@serverdensity.com
team@stormancer.com
privacy@servmask.com
support@getsession.com
info@getsession.com
support@shippabo.com.
contact@shippabo.com.
info@shippabo.com
burst@shopify.com
burst@shopify.com.
johndoe@linkpop.com
ben.campbell@sigdef.com
scott.aukema@sigdef.com
info@getsilverfin.com
legal.notices@silverfin.com
security@silverfin.com
legal@silverfin.com
help@skillshare.com
skillshare@gdpr-rep.com
teamhelp@skillshare.com
DMCA@skillshare.com.
press@skillshare.com
affiliates@skillshare.com
brandpartnerships@skillshare.com
help@skillshare.com.
appfeedback@skillshare.com.
newdicesupport@dice.com
matthew@skyrocketventures.com
help@SmugMug.com
smugmug@gdpr-rep.com
social@smugmug.com
help@smugmug.com.
dtwum@smugmug.com
affiliates@smugmug.com.Start
u003Eaffiliates@smugmug.com
help@smugmug.com.We
u003Ehelp@smugmug.com
roses@softwaremill.com
hello@softwaremill.com.
cv@softwaremill.com
contact@sodapl.com
hello@reasonfieldlab.com
richard@spoqa.com
cymonn@spoqa.com
media@stitchfix.com
hello@stitchfix.com.
fe921ccba9b040959388b77596d94da6@errors.stripe.com
2c9d67d04892426ab2c02b9958953e15@errors.stripe.com
55f46479a5294df49627a0e0373f09ce@errors.stripe.com
f1cffe9e27a04b98b955f785405a3d0e@errors.stripe.com
e8205334b22944a8a30b339d219b325c@errors.stripe.com
aaeadd8043ff4c3582110d33cbbc7d97@errors.stripe.com
c5e4ec25663542c5abab9b19bc6a2eea@errors.stripe.com
2230ab74169a40aa969ff46451241841@errors.stripe.com
40a30b4473ea43509b61eda0024fd8a2@errors.stripe.com
8689bb45e49a4f868c2bcad8c79f0ce5@errors.stripe.com
ed68af4cb70541eda554e01372542a06@errors.stripe.com
f1251a25a7804408b84cab9c4471e9f4@errors.stripe.com
2225b2409b274ba28f86dd1500df9b80@errors.stripe.com
63ba7ae545264498ab3bce45317f3812@errors.stripe.com
e08e72e710c2480888311115dc63a796@errors.stripe.com
ce6fba07eeaa4bdd99ffd52dc96de8b6@errors.stripe.com
61970ebf995c4bf1adf2713c73ca80f5@errors.stripe.com
cb6868a2387b4cba82027fd8d7a2fd6e@errors.stripe.com
3bba14d8585c4c878a7eee87cd2e6213@errors.stripe.com
aa9a1009979a485a83908dc4eb913d60@errors.stripe.com
f34eb4d46088416ba26b1e118e992a30@errors.stripe.com
d274b27791c144b9aee2825c649e5c04@errors.stripe.com
292ea7992b0f4e4db2abd96280207489@errors.stripe.com
6f26365bb84f4b07abee2bf3fd5876d9@errors.stripe.com
e0cad97696704d51bf173a88ebc06cc4@errors.stripe.com
b07faf88bde9438096f5fe593f3af14d@errors.stripe.com
6d8c4b388926455c8525989a3dd634e4@errors.stripe.com
f3e0a2437d0247fabf6ce23ab0ea5f9d@errors.stripe.com
c0757829041f47d789a1fc2e8fd024be@errors.stripe.com
8783aac8c69e4b2cac14b81cd8b07e75@errors.stripe.com
ec79fe9e9c2b401d91553a3def247c4c@errors.stripe.com
b5efd646d6644e1f88a4b987eab09a61@errors.stripe.com
6c52eb0e447944f690b9f92921ac04a6@errors.stripe.com
55ac0454c3274e0693b0e9c4278ae013@errors.stripe.com
38f9ed4b12734eb48af7500e01285106@errors.stripe.com
7355665ad86b4d94b0b3b213b4d8f008@errors.stripe.com
7d3b8cb641464b3fb1d8fe5fc05c986a@errors.stripe.com
52003442c2d34da2a0225451063f0ee4@errors.stripe.com
8df7e4664b0746e9ad6966cae5387df0@errors.stripe.com
801b894b0f404f19b29378295ac67ebe@errors.stripe.com
8c13f30cb4e64d01a1e98f6f7c2b15b6@errors.stripe.com
38f7c50ce1ba495291d97fd64165f8c0@errors.stripe.com
a5f5fc46665e4e3b93459bc24d178b5c@errors.stripe.com
3a5349dadaaa4fe99e95a06c9f83d220@errors.stripe.com
5bbdaf7e322149be926c9db3dde5cdfa@errors.stripe.com
d299f6a6ea0a4c3d9b1dd7f244d8bc3d@errors.stripe.com
d43908be97e348019a089641caf9323d@errors.stripe.com
a815a170bf5a422d865dd7dbd1ce66fa@errors.stripe.com
cb5ac50fd9a44be5a812da66a8cf66c3@errors.stripe.com
d517050a9f6b404184fcb47d6d2e1af2@errors.stripe.com
06c9f1c2a35345b3be0a22276e35776c@errors.stripe.com
838bee49f7e141de91b0491a160227b4@errors.stripe.com
275a47d76fea4f37a420e42af28e339e@errors.stripe.com
5c51d02c322e458b83fb6d93d0ad14b8@errors.stripe.com
d1424aac74db465cabc28d6499be99ab@errors.stripe.com
88dbb7aeb7844faf8367b124be618a37@errors.stripe.com
8e60e284354e41b9b5bd75d9ee57f320@errors.stripe.com
e0d59861e1d946cd9b5d74e6d2a83167@errors.stripe.com
a4e6c3801b7c44cf972ea6fe94e79f70@errors.stripe.com
9efc3b8dad2243b2a792fb108584c075@errors.stripe.com
40278c88f4fd4265b3f2b995ec391b79@errors.stripe.com
9dc3edb17ac340ceb4ac348d852010b7@errors.stripe.com
a77292b9ecf44950ac0ac0d079c6c572@errors.stripe.com
dfe7675d4fde4000bbb0801068db1457@errors.stripe.com
474878f282724c91addc0bd782366c3c@errors.stripe.com
7f4705e1001a42afa9b7f4cf48b0fa7d@errors.stripe.com
dde1fe8313814471afd92219fa988740@errors.stripe.com
7ca8fc86e50c4ff999d8e320d8c4b549@errors.stripe.com
8ecfcdc4439c49d599927d6a809884f2@errors.stripe.com
16211bf558e9485cb569fa2b695e6168@errors.stripe.com
48d1f34146b8486baa45036e9ae97833@errors.stripe.com
e475f28ef2fd45caa5d288fe914ed01c@errors.stripe.com
7263d3e1f08846a6a9c3f41c4438aa7d@errors.stripe.com
17876c4e9bbf4718a027a85633feb4fb@errors.stripe.com
b671129843ac4c7c821fdd514fac3fe4@errors.stripe.com
1722dc9cdeb4467db1df316ec8d479d9@errors.stripe.com
4eb42cf04a324ae2aff20bae1c38c10c@errors.stripe.com
e66886748d81458d81141a7b67473194@errors.stripe.com
28219678049240a7b5ccd5c4fa8075fe@errors.stripe.com
bca2f0bb8b104088950e90801cf2bfcc@errors.stripe.com
71ed6b228a4143328f923dc00451a08e@errors.stripe.com
cb545301a4d3498b966aef456590624a@errors.stripe.com
cd380f7fde8e44f8a860e1948ddd676b@errors.stripe.com
8ca50a25374f408699e0eda3eb47e7f9@errors.stripe.com
info@stripe.com
u002Bterminal@stripe.com
u002F051ef4a8994d4b57ae3ca07bd9502949@errors.stripe.com
checkout-feedback@stripe.com
namee2ebf7ff-5ef6-4346-b701-bb6572665d0a@test.com
test@test.com
ac4a4d9902504f64a758052f58b98a67@errors.stripe.com
accommodations@stripe.com
stripepress@stripe.com
joana@exemplo.com
sales@stripe.com
j.appleseed@icloud.com
notices@stripe.com
maritacarreras@gmail.com
support@taskade.com.
luke@jedi.com
info@tatvasoft.com
reviews@teamsnap.com
FeatureRequest@TeamSnap.com.
partnerships@ted.com
tedatwork@ted.com
support@topia.com
support@topia.com.
privacy@topia.com
telerik-sales@progress.com
notes@wirecutter.com
admin@thewirecutter.com
ray@rayaguilera.com
joshua.lyon@wirecutter.com
tlynch@wirecutter.com
notes@thewirecutter.com
typefiend@gmail.com
katie.okamoto@wirecutter.com
support@coway-usa.com
edgrab@robotviking.com
amyelizroberts@gmail.com
niederlitz@gmail.com
evartse@gmail.com
cars@thewirecutter.com
ebony.roberts@thewirecutter.com
yael.grauer@gmail.com
service@soundcore.com
support@anker.com
support@anker.com.
gomorrison@gmail.com
beckgale@gmail.com
safetyandrecall@4moms.com.
olliozzilabel@clekinc.com
zoom360@joovy.com
support@uppababy.com.
Alexandria@staples.com
privacy@nytimes.com
audit@overwatchsec.com
support@overwatchsec.com
inquiries@overwatchsec.com
hello@halmosventures.com
hello@weareproof.com
sales@thirdiron.com
training@thirdiron.com
studio@bobhandelman.com
sales@alamy.com
support@thirdiron.com
privacy@thirdiron.com
contact@toptal.com
contact@ttpsc.com
office@ttsi.com.pl
newsletter.atlassian@ttpsc.com
praca@tt.com.pl
sekretariat_olsztyn@tt.com.pl
accessissues@news.com.au
sales@truelogicsoftware.com
00650e49840848709c8dc2392a6100af@exceptions.hubspot.com
support@turing.com
jobs@udacity.com
u003ejobs@udacity.com
udacity@accelerationpartners.com
partners@udacity.com
u003eudacity@accelerationpartners.com
u003epartners@udacity.com
jchubbardjr@kachosl.com
helge@vastlimits.com
security@vercel.com
csbanker.optionalemail@wellsfargo.com
appstorefeedback@wellsfargo.com
appstorefeedback@wellsfargo.com.
info@whitecapseo.com
customerservice.us@hm.com
ecustomercare@ashleyfurniturehomestore.com
service@bluenile.com
service@chewy.com
customer.service@bedbath.com
customercare@lowes.com
contact@nordstrom.com
ktiffany@theatlantic.com
feedback@refinery29.com
support@wikihow.com
EUrepresentative.Wikimedia@twobirds.com
UKrepresentative.Wikimedia@twobirds.com
wikimediaireland@gmail.com
nepaliwiki@gmail.com
nepaliwiki@googlegroups.com
igor@wildbit.com
press@wildbit.com
support@postmarkapp.com
support@beanstalkapp.com
privacy@wildbit.com
contact@x-team.com.
hello@thebreverie.com
asgbobs@aol.com
onlinesales@magneticme.com
admin@magneticme.com
appreviews@quadpay.com
address@mail.com
contact@swag.netlify.com
events@netlify.com
TripAdvisorReviews@medallia.com
contato@sidia.com
dataprivacy@sidia.com.
alice.santos@sidia.com
alessandro@newmd.com.br
suporte.tecnico@eletraenergy.com
vendas@eletraenergy.com
vendas.agua@eletraenergy.com
backoffice@eletraenergy.com
recrutamento@eletraenergy.com
marketing@eletraenergy.com
contacto@iddtek.com
comercial@bysat.com.br
protecaodedados@bysat.com.br
protecaodedados@bylog.com.br
suporte@d4sign.com.br
falecom@retinaweb.com.br
qualidade@bysat.com.br
7ab8167a43414d7898425fe32e8f3a5e@apptrack.wrike.com
contato@engetron.com.br
rh@engetron.com.br
callcenter@engetron.com.br
aplicacao@engetron.com.br
ouvidoria@engetron.com.br
altadirecao@engetron.com.br
johndoe@domain.com.
loja@engetron.com.br
parceiros@engetron.com.br
licitacoes@engetron.com.br
monitoramento@engetron.com.br
canal@engetron.com.br
suporte@engetron.com.br
almoxarifado@empresa1.com.br
assistenciae1@empresa1.com.br
atendimento-grupo@empresa1.com.br
vendas@empresa1.com.br
financeiro@empresa1.com.br
comunicacao@empresa1.com.br
compras@empresa1.com.br
gestaodepessoas@empresa1.com.br
dpo@empresa1.com.br
comercial@itransport.com.br
suporte@itransport.com.br
joao.nogueira@htp.com.br
zoi@zoi.com.br
info@jivochat.com
contato@jivochat.com.br
bilgi@jivochat.com.tr
support@jivochat.com
german@jivochat.com.
privacidade@itransport.com.br
josedasilva@suaempresa.com
comercial@memt.com.br
sac@memt.com.br
ouvidoria@memt.com.br
admin@jivochat.com0
suporte@memt.com.br
privacy@jivosite.com
privacy@jivochat.com
contactus.pt@euro.apple.com
info@meusiteincrivel.com.br
privacy@wix.com
jobs@wix.com
support@wix.com
contactvideo@wix.com
abuse@wix.com
suporte@wix.com
gv8@gv8.com.br
seapecas@gmail.com
comercial@jamcases.com.br
diretoria@contabilidadeamaral.com.br
20comercial@memt.com.br
lojavirtual@casteloalimentos.com.br
contato@espacoarcturiano.com.br
falenet@falenet.com.br
contato@flamboyant.imb.com
atendimento@flamboyant.imb.com
contato@gv8.com.br
marketing@memt.com.br
deppedmetrum@gmail.com
contato@neocontrol.com.br
dpo@neocontrol.com.br
faleconosco@tacom.com.br
sac@kimmais.com.br
sales@biquadbroadcast.com.br
exportacao1@biquad.com.br
marketing1@biquad.com.br
sales@bitdigital.com
info@fs24.com.ar
ecuatronix@ecuatronixusa.com
jc@305broadcast.com
aaron@mpi-dirsa.com
intelect@intelect.com.pe
comercial@tadtronics.com
sales@onair.com.au
info@enricopietrosanti.com
info@ecalpemostech.com
onair@adinet.com.uy
masteraudiobolivia@gmail.com
aplicet@transtelecom.com.pa
visuth@vmedia-a.com
ghidrovo@ecuatronix.com.ec
informes@bcastperu.com
comercial@dometek.com.br
suporte.jfl@jfl.com.br
contato@kva.com.br
exemplo@exemplo.com.br
suporte@kva.com.br
posvenda@kva.com.br
comercial@lidermg.com.br
sac@lidermg.com.br
adm@newphonetelecom.com.br
edson.nascimento@giwbrazil.com
contato@giwbrazil.com
lojasston@gmail.com
instalacamera@hotmail.com
assistencia@mtservice.com.br
comercial@nanosystem.com.br
assistencia1@martinseletronica.com.br
contelcelular@terra.com.br
fale@faletelecomunicacoes.com.br
jelte@jelte.com.br
teltron.telelecom@teltrontelecom.com.br
taniarr33@gmail.com
centrotecnico@2lz.com.br
teleshop-sjc@bol.com.br
ricardo.tech.araujo@gmail.com
elionsistemas@elion.com.br
crpeletronica@hotmail.com
aftell@gmail.com
improe@improe.com.br
elloassistenciatecnica@gmail.com
telebinadf@gmail.com
vendasomegasatgyn@hotmail.com
allianzelektronik@gmail.com
dhgeletronics@gmail.com
frametecl5@gmail.com
frametecnica@gmail.com
sereletronica@gmail.com
ceteleletronica@hotmail.com
miroeletro@yahoo.com.br
fabiola@mestech.com.br
tiago@mestech.com.br
garantia@servisat.com.br
edneyreis31@hotmail.com
richard.bonfim@hotmail.com
portsegdistribuidora@gmail.com
radiofax1@gmail.com
marcoline.40@gmail.com
alphavilleudia@gmail.com
alphaville.ulisses@gmail.com
contato@domanieletro.com.br
eqselt@gmail.com
pamsat@terra.com.br
atendimento@tecnotronicseguranca.com.br
ifesthouse@msn.com
paracell@paracell.com.br
manoel.mendanha@gmail.com
jveletro@hotmail.com
lojapontodasantenas@hotmail.com
lojapontodasantenas@gmail.com
Idealsolucoeseguranca@gmail.com
Jeffersonidealseguranca@gmail.com
vendas2@lidermg.com.br
vendas1@lidermg.com.br
vendas3@lidermg.com.br
comercialadm@lidermg.com.br
mkt@pixelti.com.br
shopcam.rj@hotmail.com
aesfechaduras@gmail.com
comercial@newhomeiot.com.br
executarautomacao@gmail.com
comercial@itama.com.br
willyam.trendsautomation@gmail.com
contato@domarautomacao.com
hteccftv@gmail.com
umclickautomacao@gmail.com
minhaautomacao10@gmail.com
ata@atasistemas.com.br
suporte@pixelti.com.brCanais
mkt@pixelti.com.brTelefone
info@cookieyes.com
rw@rwtech.com.br
info@rwtech.com.br
senaisantarita@fiemg.com.br
protecaodados@mail.com
regional-rd@fiemg.com.br
sindac@fiemg.com.br
sinbormg@fiemg.com.br
sindibolsas@fiemg.com.br
sindgraf@fiemg.com.br
sindical@fiemg.com.br
scalcados@fiemg.com.br
sinduscarne@fiemg.com.br
sindicer@fiemg.com.br
sindbebidas@fiemg.com.br
siprocimg@fiemg.com.br
letomumic@hotmail.com
sindiextra@fiemg.com.br
luismarciovianna@gmail.com
sindusfarq@fiemg.com.br
sinrochas@fiemg.com.br
sindmec@fiemg.com.br
sinpapel@fiemg.com.br
sirefmg@sirefmg.com.br
sindirepa@fiemg.com.br
sinpac@fiemg.com.br
sindsorvete@fiemg.com.br
sindimalhas@sindimalhas.com.br
sindimoinhos@fiemg.com.br
siamig@siamig.com.br
sinaees@fiemg.com.br
sinpamig@fiemg.com.br
relacoespublicas@sindicafe-mg.com.br
presidencia@sicepot-mg.com.br
sindifer@sindifer.com.br
sifumg@fiemg.com.br
abigrafmg@abigrafmg.com.br
sindilurb@fiemg.com.br
sindimig@fiemg.com.br
sindijoiasajomig@fiemg.com.br
sindijori@fiemg.com.br
silemg@silemg.com.br
simplast@simplast.com.br
sindimov@sindimov-mg.com.br
amipao@amipao.com.br
sindvest@fiemg.com.br
sindvinhomg@fiemg.com.br
sindvestari@yahoo.com.br
sindusconaraxa@fiemg.com.br
sinduscom.barbacena@fiemg.com.br
simelp@fiemg.com.br
sieel.presidencia@gmail.com
sinduscon-co@fiemg.com.br
sicetel@sicetel.com.br
sinvesd@sinvesd.com.br
sinmec@fiemg.com.br
sindicalformiga@fiemg.com.br
sindvesf@fiemg.com.br
anfavea@anfavea.com.br
sinduscongv@fiemg.com.br
simeval@fiemg.com.br
simgv@fiemg.com.br
sindvest-gv@fiemg.com.br
sinpava@fiemg.com.br
sindimiva@fiemg.com.br
simmmei@simmmei.com.br
sindimei@sindimei.com.br
sincotap@fiemg.com.br
sinpama@fiemg.com.br
simepatronal@gmail.com
sindiajf@fiemg.com.br
sindusconjf@fiemg.com.br
quinet@quinet.com.br
sindigraficasjf@fiemg.com.br
sindimalhasjf@fiemg.com.br
sindimeiasjf@fiemg.com.br
sindimetaljf@fiemg.com.br
sindimoveisjf@fiemg.com.br
sindipanjf@fiemg.com.br
sindiquifarjf@fiemg.com.br
sindivestjf@fiemg.com.br
simetron@fiemg.com.br
sindpannorte@fiemg.com.br
quifarmo@fiemg.com.br
sindvestnorte@fiemg.com.br
nucleodefeiras@sindinova.com.br
sindinova@sindinova.com.br
sinduscon@sindusconpm.com.br
sinduscon-pocos@uol.com.br
simepocos@pocos-net.com.br
sindicatosinalsul@uol.com.br
contato@sindusconsul.com.br
sinigraf@fiemg.com.br
singtd@fiemg.com.br
sindimesa@fiemg.com.br
simmme-sl@fiemg.com.br
sindvel@sindvel.com.br
sindiemg@isimples.com.br
sindicato.vestuario@fiemg.com.br
intersind@intersind.com.br
sindaliu@fiemg.com.br
sindicau@fiemg.com.br
sinduscon.uberaba@fiemg.com.br
sindigrafuber@fiemg.com.br
sindimovuber@fiemg.com.br
simagravarg@fiemg.com.br
sindiplastub@fiemg.com.br
simu@fiemg.com.br
simefu@fiemg.com.br
sindipanuber@fiemg.com.br
sindivestuber@fiemg.com.br
siau.udia@gmail.com
sindicatoarroz@gmail.com
everton@charquecarreteiro.com.br
sinduscon.tap@gmail.com
sindicatosindmob@gmail.com
sindipan.udia@gmail.com
sinduscon@netvga.com.br
sindigrav.sindicato@hotmail.com
sinferbase@sinferbase.com.br
sivels@fiemg.com.br
sindigusa@yahoo.com.br
sindal@fiemg.com.br
sinduscon.norte@fiemg.com.br
sindicalcados.uberlandia@gmail.com
sindicalcados@regionalfiemg.com.br
sindigraf@regionalfiemg.com.br
simev@fiemg.com.br
wasantos@fiemg.com.br
rabraga@fiemg.com.br
senaisrs@fiemg.com.br
vendas@sense.com.br
comercial4@tkth.com.br
meu@email.com.br
tsda@tsda.com.br
aryane@teletronix.com.br
patricia@teletronix.com.br
sales.hcis@philips.com
aplicacao.healthcare@philips.com
myexperience@philips.com
danilo.susano@philips.com
antonio.figueiredo@philips.com
Thiago.torres@philips.com
vendas@tecnolife.com.br
Francisca.rodrigues@bsimagem.com
Fonseca@representamateriais.com.br
Carolina@promedcare.com.br
vendas@proelhospitalar.com.br
sigmax@sigmaxpi.com.br
romero.miranda@philips.com
camilo.gontijo@philips.com
danilo.gaudencio.silva@philips.com
vendas@bsbmedical.com.br
juliana@saobernardodf.com.br
vanessa@saobernardodf.com.br
marcus.araujo@techmednet.com.br
rodrigo.araujo@techmednet.com.br
fernando.ramos@philips.com
christine.pfrimer.oliveira@philips.com
fabiano.Vasconcelos.silveira@philips.com
daniela.ferreira@aguiarrepresentacoesrj.com.br
giovanni.vilela@aguiarrepresentaoesrj.com.br
priscila.marsiglia@aguiarrepresentacoesrj.com.br
gilvan@stankhelp.com.br
hygordiniz@stankhelp.com.br
lucas@gamacamp.com.br
wilson@gamacamp.com.br
lucas@medicalevolution.com.br
felipe.ferretti@philips.com
kenia.ferro@philips.com
augusto.oliveira@philips.com
gabriel@equipomedmarilia.com.br
paula.pradella@equipomedmarilia.com.br
ana.bauer@sossul.com.br
junior@sossul.com.br
roseli@pollimed.com.br
jonas@pollimed.com.br
gustavo@coremedrs.com.br
fabio@coremedrs.com.br
gvendas.imagem@daanimagem.com.br
backoffice@daanimagem.com.br
darcisantos@daanimagem.com.br
eduardo.behenck@4medicrs.com
joao.orlando@4medicrs.com
ademir@ilhatec.com.br
compras@ilhatec.com.br
romulo@bsbmedical.com.br
diretoria1@cirubel.com.br
karolasilva@yahoo.com.br
zelio@tecnomedica-to.com.br
leonardo@tecnomedica-to.com.br
sidney@tecnomedica-to.com.br
hugo@riomedi.com.br
apoio@riomedi.com.br
thamara.pacheco@philips.com
luciana.garcia@philips.com
Luciana.garcia@philips.com
ana.sister@philips.com
anderson@alliancemedicalsp.com.br
Alexandre.Boaventura@philips.com
carlos.arantes@philips.com
equipomedmarilia@terra.com.br
marina.roza@equipomedmarilia.com.br
arlei@medriohospitalar.com.br
carlos@medriohospitalar.com.br
comercial2@inovaligama.com.br
fernanda@gamacamp.com.br
ordalio@multmed.com.br
contato@intercti.com.br
sati@intercti.com.br
capital@philips.com.
meuatendimento@philips.com
investor.relations@philips.com
privacy@philips.com
thelke.gerdes@signify.com
leanne.carmody@signify.com
abigail.levene@signify.com
CK_CustomerService@signify.com
support@wizconnected.com
digital.marketing.support@signify.com
trademarks.lighting@signify.com
contato@aurotecnologia.com.br
dpo@fiscaltech.com.br
marketing@henry.com.br
sales@liferay.com
carina.morpurgo@fsb.com.br
tatiane.nelli@fsb.com.br
bruna.roberti@fsb.com.br
atendimento@rioanalytics.com
ti@exatron.com.br
contato@exatron.com.br
lojaonline@exatron.com.br
comercial@medialine.com.br
rh@medialine.com.br
dpo@novusautomation.com
contato@premiumtecnologia.com.br
comercial01@scc4.com.br
joao@ageon.com.br
ageon@ageon.com.br
vendas@biosensor.com.br
financeiro@biosensor.com.br
sab@biosensor.com.br
comercial@biometrica.com.br
comercial@treetech.com.br
pedro.paulo@treetech.com.br
pedropaulo@ppbusiness.com.br
paulo.mello@treetech.com.br
felix.morales.h@gmail.com
treetech@e4asolutions.com
jgchirino@monitoreoycontrol.com
ventas@monitoreoycontrol.com
eamendez@click.com.py
selwyn.braver@martecassetsolutions.com.au
yolly.jaramillo@enersafe.com.co
assistencia.tecnica@treetech.com.br
vagas@treetech.com.br
selecao@omnilink.com.br
contatocomercial.omnilink@omnilink.com.br
contatocomercial@omnilink.com.br
contatocomercial@ominilink.com.br
mailto@mail.com
etica@omnilink.com.br
politica.privacidade@omnilink.com.br
dpo@omnilink.com.br
contato@showtecnologia.com
comercial@showtecnologia.com
hpsweb@honeywell.com
nome@domnio.com
HoneywellPrivacy@honeywell.com
Honeywellprivacy@honeywell.com
privacyinformationrequestform@privacyinformationrequestform.force.com
20Honeywellprivacy@honeywell.com
Honeywellprivacy@honeywell.com.
contato@gobiz.com.br
hello@envytheme.com
contato@mecanicaavancada.com.br
suporte@kascosys.com.br
faceid@kascosys.com.br
faleconosco@kryptus.com
press@kryptus.com.br
saulo@camelocom.com
rh@multittech.com.br
contato@greendigital.com.br
jeronimo@greendigital.com.br
andre.baumer@greendigital.com.br
kledirsoares@greendigital.com.br
ruan.almeida@greendigital.com.br
mateus.santos@greendigital.com.br
paula.link@greendigital.com.br
comercial@planejadorweb.com.br
financeiro@planejadorweb.com.br
rh@planejadorweb.com.br
diretoria@planejadorweb.com.br
adm@agenciawn.com.br
site@ninjaseo.com.br
privacidade@multittech.com.br
junior.stravino@multittech.com.br
cpanel-notify@aabacosb.com
matthew.horvath@stoneridge.com
kelly.harvey@stoneridge.com
support@virtuaresearch.com
cvanhorn@brileyfbr.com
gprestopino@brai.com
sstember@clking.com
justin.long@stephens.com
gchin@buckresearch.com
investor_relations@stoneridge.com
Global.Purchasing@Stoneridge.com
bthacker@campbellmarketing.com
samantha.simmerson@stoneridge.com
Kelly.Harvey@Stoneridge.com
contato@tesybras.com.br
wn@agenciawn.com.br
suporte@wnweb.com.br
itstransdata@legaletica.com.br
contato@udev.com.br
v2com@aloetica.com.br
processsoseletivo@v2com.com
processoseletivo@v2com.com
contato@vitaltech.com.br
barbara@onnaweb.com.br
bruno@onnaweb.com.br
thiago@onnaweb.com.br
contato@onnaweb.com.br
--ade@agenciaade.com.br
pedro.nunes18081@gmail.com
contato@agenciaclose.com.br
suporte@vitaltech.com.br
contato@ingagedigital.com.br
contato@sharpspring.com.br
contato@driller.com.br
vendas@driller.com.br
export1@driller.com.br
contato@agenciadda.com.br
financeiro@agenciadda.com.br
atendimento@agenciadda.com.br
iped_center@driller.com.br
atendimento@cnz.com.br
vendas@quimis.com.br
tecnica2@quimis.com.br
contato@agenciasmall.com.br
arthur@agenciasmall.com.br
comercial@smallfast.com.br
clara@agenciasmall.com.br
gerson@agenciasmall.com.br
guilherme@agenciasmall.com.br
contato@smallfast.com.br
contato@blackbeans.com.br
vendas@goiasquimica.com.br
quimismg@quimis.com.br
rep16@quimis.com.br
vendas@simquis.com.br
vendas10@quimis.com.br
jg.pacheco@uol.com.br
sac@mpat.com.br
labpro@terra.com.br
vendas@ebn-ne.com.br
quarkmed@quarkmed.com.br
atendimento.tecnica@fisioequipe.com.br
ferrtech.pct@gmail.com
hosp-lab@hotmail.com
majlab@majlab.com.br
jixx@jixx.com.br
luiz@technicallab.com.br
tecnica6@quimis.com.br
tecnica4@quimis.com.br
aplicacoes@quimis.com.br
contato@agencia110.com.br
felipe.mariot@agencia110.com.br
pedro.lima@agencia110.com.br
guilherme@agencia110.com.br
rodrigo@agencia110.com.br
priscila.kempner@chatty.com.br
be5c7b0b1d794ccc9b80153922958321@exceptions.hubspot.com
admin@admin.com
contato@gsc-inc.com.br
xml@legrand.com.br
sac@legrand.com.br
dpo.br@legrand.com.br
atendimento@sms.com.br
test4cars@gmail.com
merkazhtsameg@gmail.com
zmigymezada@gmail.com
yanam7575@gmail.com
yifatzaf267@gmail.com
mbtires@gmail.com
hemd_retrad@yahoo.com
elimozes01@gmail.com
adnan_mattar17@hotmail.com
hareshet.tsmigim@gmail.com
dvirtires@gmail.com
ac.tiredeal@gmail.com
tiptoptiresltd@gmail.com
atendimento@lamarcabrasil.com
guest@domain.com
contato@vanguardacomunicacao.com.br
conkreta@conkreta.com.br
comercial@tex.com.br
contato@phiinnovations.com
contato@emc-logic.com
vendas@metroval.com.br
assistenciatecnica@metroval.com.br
rh@bis2bis.com.br
integridade@metroval.com.br
comercial@abcdrives.com.br
rh@abcdrives.com.br
contato@thiagomantovanidesigner.com
hm3062@spam.locaweb.com
vendas@dgmeletronica.com.br
sales@cacique.com.br
treinamento@dgmeletronica.com.br
dgmeletronica@uol.com.br
deptotecnico@dgmeletronica.com.br
contato@agenciawx.com.br
start@trii.com.br
queroser@trii.com.br
adm@trii.com.br
atendimento@trii.com.br
prevendas@trii.com.br
contato@abrasivodigital.com.br
sesmt@comau.com
privacy@comau.com
info@roboticsbenelux.com
valdemar.mokry@robixautomation.com
contact.de@comau.com
admin@dnc-automation.com
servicioalcliente@nexontechnologies.com
info@alfaautomatizacion.com
biuro@rbs-robotics.com
info@intraautomationsl.com
business@probar.com.tw
info@rotammuhendislik.com
snecipoglu@asmetal.com.tr
sales@ifp1.com
sales@kundinger.com
info@barrysalesinc.com
Info@pneumaticautomation.com
giuseppe.costabile@comau.com
marcelo.lima@comau.com
info@comau.com
sac@arteb.com.br
versocomunicacao@uol.com.br
versocomunicacao1@uol.com.br
alca.juniorcar@gmail.com
rodolfo.storace@gmail.com
cbartlau@ibd-team.com
george.garcia@aftermarletsa.com
stamhankar@hotmail.com
john.doe@somewhere.com
contato@ideia2001.com.br0
sac@kostal.com
sao@toledobrasil.com
sat@toledobrasil.com
suporte.tecnico@toledobrasil.com
ccm@toledobrasil.com
locacao.at@toledobrasil.com
dpo@toledobrasil.com
username@coolexample.com
info@opuspac.com
rodrigocarmine@gmail.com
contato@cerebrasc.com.br
contato@deltalife.com.br
revendas@deltalife.com.br
midiasim@midiasim.com.br
marketing@iacit.com.br
privacidade@iacit.com.br
info.group@altran.com
NAcareers@altran.com
DIGITAL-SECURITY@avnet.com
comercial@cmcomandos.com.br
campinas@cmcomandos.com.br
oestepaulista@cmcomandos.com.br
rio@cmcomandos.com.br
parana@cmcomandos.com.br
santacatarina@cmcomandos.com.br
goias@cmcomandos.com.br
saturtec@saturtec.com.br
cristiano@teldata.com.br
plinio@mfinfo.com.br
masistec@masistec.com.br
adm@powerblade.com.br
rodrigo@rgsnobreaks.com.br
contato@ccscomputecnica.com.br
sotec@sotec.com.br
ariosto@casaeletricamoc.com.br
suporte@casaeletricamoc.com.br
abicomp@abicomp.com.br
jomatecups@gmail.com
sopranocomserv@gmail.com
euzanella@controlsystems.com.br
controlsystems@controlsystems.com.br
hardcomp123@gmail.com
eqn@sercomtel.com.br
rodolfo@syma.com.br
raudinei.krieser@microserviceit.com.br
lurdes@infosolucoes.com.br
adilson@sidercomp.com.br
luizcarlos@chromainformatica.com.br
milton@pengenharia.com.br
alecio@onteknobreaks.com.br
comercial@dagpower.com.br
srossatto@westline.com.br
administrativo@connectredes.com.br
nobresol@terra.com.br
pedrom.sul@terra.com.br
clavel@clavel.com.br
alonobreak@gmail.com
tecnica@powerlineenergia.com.br
garantia@eletroeletronicaservice.com.br
gilvania@magengenharia.com.br
powerline.slz@gmail.com
v-l-e@live.com
garantia@mefisistema.com.br
mefisistema@mefisistema.com.br
aer@aernobreaks.com.br
cmservicoseletronicos@gmail.com
ge@infonet.com.br
walterson@lincesolucoes.com.br
paula@entele.com.br
contato@upnobreaks.com.br
contato@megapowerms.com.br
bm.service@uol.com.br
contato@aillez.com
hyaki.solucoes@gmail.com
digidados@uol.com.br
socorro@alfemabelem.com.br
carajasinfo@gmail.com
qualisaengenharia@gmail.com
gilberto1coelho@gmail.com
microbyteinformatica@uol.com.br
rh@cmcomandos.com.br
marketing@cmcomandos.com.br
assistencia@cmcomandos.com.br
contato@flyupweb.com.br
support@condorinst.com.br
contato@deshtec.com.br
suporte@deshtec.com.br
vendas@dimep.com.br
adriana.dessen@lamcomunicacao.com
suportedsat@dimep.com.br
comercial.automacao@dimep.com.br
natani.hufler@agis.com.br
renato.palomo@ingrammicro.com
fernanda.lins@scansource.com
debora.rosatto@snd.com.br
jujutxr@gmail.com
elisangela.silva@dimep.com.br
daniela.alves@dimep.com.br
diebold@planin.com
andre@planin.com
contato@easytech.com.br
privacidade@easytech.com.br
contato@e-labworks.com
outsourcing@expertisesolution.com.br
atendimento@expertisesolution.com.br
enteryour@addresshere.com
fip@fip.com.br
vendas@fip.com.br
vendas@flexmedia.com.br
comercial@flexmedia.com.br
engenharia@flexmedia.com.br
producao@flexmedia.com.br
compras@flexmedia.com.br
administracao@flexmedia.com.br
at.dia@gertec.com.br
comercial@gertec.com.br
cobranca@gertec.com.br
marketing.sao@gertec.com.br
recursoshumanos@gertec.com.br
suporte@gertec.com.br
caixaaquiweb@gertec.com.br
everton.araujo@gmimportacao.com.br
lucila.rambo@scansource.com
nathana.alves@mazer.com.br
veronica.arruda@ingrammicro.com
contato@gertec.com.br
sac@gertec.com.br
garantiaexpressa@gertec.com.br
infolev@infolev.com.br
treinamento@infolv.com.br
contato@grupoitech.com.br
vendas@jgmoriya.com.br
adm@easysoftweb.com.br
criacao@easysoftweb.com.br
comercial2@jofen.com.br
info.br@kantar.com
marketing@magnamed.com.br
encarregado@magnamed.com.br
alyssa@adexchanger.com
AA230271@ncr.com
media.inquiry@ncr.com
support@referral.zendesk.com
ChannelSales.NCR@ncr.com
michael.nelson@ncr.com
isupplier.erp@ncr.com
CE230007@ncr.com
Assist.payments@ncr.com
Help.payments@ncr.com
Terminalsupport.payments@ncr.com
hello@trurating.com
mark.scott@ncr.com
scott.sykes@ncr.com
candice.wilson@ncr.com
Media@bedbath.com
hgrays@meriwest.com
anne.oneill@ncr.com
press@google.com
ortrud.wenzel@ncr.com
info@idc-fi.com
amber.howell@atmia.com
cameron.smith@ncr.com
NCR-SVC@sardverb.com
ir@cardtronics.com
corporatecommunications@cardtronics.com
office.privacy@ncr.com
NCR.webmaster@ncr.com
rj@prodatamobility.com.br
privacidade@prodatamobility.com.br
connect@sierrawireless.com
pr@sierrawireless.com
Anojja.shah@semtech.com
Jmcgee@semtech.com
jmcgee@semtech.com
investor@sierrawireless.com
dataprotectionofficer@sierrawireless.com
privacy@sierrawireless.com
partnersupport@sierrawireless.com
ictservicedesk@st.com
suporte@telematica.com.br
crm@telematica.com.br
support@telematica.com.br
sales@telematica.com.br
vagas@icatel.com.br
ouvidoria@telematica.com.br
crm@telemtacia.com.br
elisabete.santos@flashengenharia.com.br
atendimentopos-entrega@flashengenharia.com.br
atendimentopos_entrega@flashengenharia.com.br
assistencia@flashengenharia.com.br
leonardo.barros@flashengenharia.com.br
carolina.carvalho@flashengenharia.com.br
marcia.montini@flashengenharia.com.br
renato.nunes@flashengenharia.com.br
katia.nazima@flashengenharia.com.br
mauricio.pinheiro@flashengenharia.com.br
anderson.mirkai@flashengenharia.com.br
matias.monges@flashengenharia.com.br
carlos.zocchio@flashengenharia.com.br
sidnei.goncalves@flashengenharia.com.br
edaer.oliveira@flashengenharia.com.br
monica.torres@flashengenharia.com.br
thinq@lge.com
lgworld@lge.com
dpobr@lge.com.
b2bsupport.india@lgepartner.com
cac.service@lgepartner.com
mc.customer-service@lge.com
mc.customer-service@lge.com.
credenciamento.lg@lgepartner.com
thinq@lge.com.
swpark@lg.com
brazil@toradex.com
